Date,Open,High,Low,Close,Volume
2022-07-05T00:00:00+05:30,1740.0,1765.0,1712.3,1719.6,647551
2022-07-06T00:00:00+05:30,1728.8,1747.85,1702.35,1743.3,479374
2022-07-07T00:00:00+05:30,1758.9,1778.0,1745.05,1761.1,778495
2022-07-08T00:00:00+05:30,1782.6,1782.6,1748.0,1771.95,389560
2022-07-11T00:00:00+05:30,1773.0,1848.8,1764.0,1834.4,843492
2022-07-12T00:00:00+05:30,1840.0,1843.0,1803.0,1810.95,633840
2022-07-13T00:00:00+05:30,1850.0,1850.0,1813.0,1815.95,658945
2022-07-14T00:00:00+05:30,1818.95,1829.75,1761.55,1773.3,539472
2022-07-15T00:00:00+05:30,1784.4,1786.95,1740.5,1751.15,446939
2022-07-18T00:00:00+05:30,1774.0,1783.1,1745.55,1754.6,521648
2022-07-19T00:00:00+05:30,1754.6,1779.9,1745.0,1769.6,485261
2022-07-20T00:00:00+05:30,1787.5,1787.85,1750.0,1757.4,918988
2022-07-21T00:00:00+05:30,1758.9,1891.15,1755.1,1866.15,1797049
2022-07-22T00:00:00+05:30,1895.05,1908.45,1810.05,1815.9,1901359
2022-07-25T00:00:00+05:30,1819.0,1864.0,1792.0,1849.85,1382223
2022-07-26T00:00:00+05:30,1849.85,1860.0,1811.8,1819.3,552164
2022-07-27T00:00:00+05:30,1818.0,1849.0,1790.1,1835.85,524452
2022-07-28T00:00:00+05:30,1843.0,1914.85,1833.0,1902.6,1437599
2022-07-29T00:00:00+05:30,1924.95,1942.5,1907.3,1919.4,1298235
2022-08-01T00:00:00+05:30,1928.6,1980.0,1919.1,1974.2,1045961
2022-08-02T00:00:00+05:30,1980.7,1997.75,1922.0,1954.0,1177324
2022-08-03T00:00:00+05:30,1890.0,2007.6,1875.0,1964.5,3046095
2022-08-04T00:00:00+05:30,1973.85,2017.8,1925.05,2012.45,1967085
2022-08-05T00:00:00+05:30,2030.0,2060.0,2011.1,2025.1,1501113
2022-08-08T00:00:00+05:30,2010.0,2036.2,2005.0,2009.8,470662
2022-08-10T00:00:00+05:30,2010.2,2035.05,2002.5,2018.25,559881
2022-08-11T00:00:00+05:30,2029.0,2037.35,2014.0,2022.35,334312
2022-08-12T00:00:00+05:30,2020.0,2074.45,2007.15,2053.8,1050329
2022-08-16T00:00:00+05:30,2064.65,2098.0,2055.0,2095.6,987392
2022-08-17T00:00:00+05:30,2104.9,2134.75,2100.55,2117.6,1087438
2022-08-18T00:00:00+05:30,2114.95,2122.0,2075.0,2104.25,682614
2022-08-19T00:00:00+05:30,2104.0,2122.9,2028.35,2041.25,775628
2022-08-22T00:00:00+05:30,2010.0,2023.8,1975.0,1980.45,712016
2022-08-23T00:00:00+05:30,1950.0,2013.6,1950.0,1987.2,557763
2022-08-24T00:00:00+05:30,1988.0,2001.4,1978.0,1990.15,370366
2022-08-25T00:00:00+05:30,2000.75,2006.95,1950.3,1958.05,466382
2022-08-26T00:00:00+05:30,1967.85,1990.45,1951.5,1960.7,785023
2022-08-29T00:00:00+05:30,1895.0,1948.1,1890.3,1943.3,511634
2022-08-30T00:00:00+05:30,1960.0,1995.0,1941.2,1979.05,580226
2022-09-01T00:00:00+05:30,1971.9,2031.9,1966.0,2005.3,703999
2022-09-02T00:00:00+05:30,2016.75,2023.35,1976.0,1982.8,490300
2022-09-05T00:00:00+05:30,1989.4,2036.0,1975.0,2018.4,598650
2022-09-06T00:00:00+05:30,2028.5,2034.2,1996.2,2002.7,361072
2022-09-07T00:00:00+05:30,1994.0,2026.85,1991.0,2018.8,398262
2022-09-08T00:00:00+05:30,2028.9,2056.0,2020.6,2034.45,573889
2022-09-09T00:00:00+05:30,2044.0,2060.0,2031.95,2044.75,508286
2022-09-12T00:00:00+05:30,2054.9,2185.0,2045.0,2178.4,2686412
2022-09-13T00:00:00+05:30,2199.7,2295.0,2189.0,2256.5,2920582
2022-09-14T00:00:00+05:30,2206.0,2282.0,2200.05,2252.2,1337876
2022-09-15T00:00:00+05:30,2261.2,2279.35,2213.0,2230.35,596058
2022-09-16T00:00:00+05:30,2228.8,2248.6,2094.65,2108.05,1321844
2022-09-19T00:00:00+05:30,2114.1,2132.1,2063.45,2071.7,772945
2022-09-20T00:00:00+05:30,2085.0,2211.5,2084.55,2149.1,1643259
2022-09-21T00:00:00+05:30,2155.1,2186.95,2128.0,2141.0,916261
2022-09-22T00:00:00+05:30,2121.0,2177.7,2121.0,2162.65,747998
2022-09-23T00:00:00+05:30,2170.6,2216.95,2145.0,2163.7,1254625
2022-09-26T00:00:00+05:30,2142.0,2150.2,2026.5,2087.35,1457060
2022-09-27T00:00:00+05:30,2099.65,2115.2,2023.0,2054.7,1250561
2022-09-28T00:00:00+05:30,2045.0,2090.0,2005.1,2076.55,684096
2022-09-29T00:00:00+05:30,2098.0,2109.0,1997.2,2010.3,1649325
2022-09-30T00:00:00+05:30,2008.5,2051.8,1975.0,2036.0,1075507
2022-10-03T00:00:00+05:30,2036.0,2082.0,2031.15,2050.85,632315
2022-10-04T00:00:00+05:30,2072.0,2120.0,2072.0,2107.45,498955
2022-10-06T00:00:00+05:30,2118.0,2184.0,2115.0,2175.9,710173
2022-10-07T00:00:00+05:30,2177.0,2215.6,2156.5,2205.35,847538
2022-10-10T00:00:00+05:30,2179.8,2221.95,2170.0,2206.65,627980
2022-10-11T00:00:00+05:30,2200.0,2242.0,2165.95,2178.2,724702
2022-10-12T00:00:00+05:30,2178.2,2234.35,2171.6,2225.8,776360
2022-10-13T00:00:00+05:30,2225.0,2250.45,2204.1,2225.45,780450
2022-10-14T00:00:00+05:30,2255.0,2261.4,2216.6,2225.05,496184
2022-10-17T00:00:00+05:30,2222.9,2264.0,2205.55,2255.75,602847
2022-10-18T00:00:00+05:30,2267.05,2274.85,2242.4,2249.85,497395
2022-10-19T00:00:00+05:30,2257.0,2286.65,2250.05,2261.05,541360
2022-10-20T00:00:00+05:30,2249.95,2256.0,2202.0,2247.6,504999
2022-10-21T00:00:00+05:30,2251.0,2285.05,2233.8,2241.95,436156
2022-10-24T00:00:00+05:30,2245.0,2261.35,2230.0,2236.8,101734
2022-10-25T00:00:00+05:30,2236.0,2258.75,2221.55,2253.0,297770
2022-10-27T00:00:00+05:30,2252.5,2268.0,2228.0,2258.5,401589
2022-10-28T00:00:00+05:30,2262.95,2268.0,2220.2,2250.65,389530
2022-10-31T00:00:00+05:30,2250.65,2326.4,2250.65,2313.95,1049251
2022-11-01T00:00:00+05:30,2325.55,2338.0,2308.5,2325.45,526521
2022-11-02T00:00:00+05:30,2327.5,2350.5,2310.5,2343.5,549409
2022-11-03T00:00:00+05:30,2333.9,2356.6,2280.0,2319.3,640700
2022-11-04T00:00:00+05:30,2316.55,2329.8,2285.2,2315.95,335551
2022-11-07T00:00:00+05:30,2317.45,2337.0,2311.0,2328.0,371076
2022-11-09T00:00:00+05:30,2332.6,2342.5,2288.0,2299.0,459466
2022-11-10T00:00:00+05:30,2095.0,2149.9,2074.0,2079.35,2828430
2022-11-11T00:00:00+05:30,2098.0,2134.95,2082.5,2118.15,1179008
2022-11-14T00:00:00+05:30,2120.0,2147.9,2103.05,2141.55,623260
2022-11-15T00:00:00+05:30,2143.0,2201.0,2139.0,2187.2,673946
2022-11-16T00:00:00+05:30,2191.0,2205.15,2150.0,2161.0,398157
2022-11-17T00:00:00+05:30,2161.0,2169.0,2123.3,2147.4,256261
2022-11-18T00:00:00+05:30,2147.4,2159.3,2088.0,2103.15,387512
2022-11-21T00:00:00+05:30,2100.0,2140.0,2090.0,2105.25,312245
2022-11-22T00:00:00+05:30,2108.95,2158.0,2106.05,2120.65,443679
2022-11-23T00:00:00+05:30,2127.8,2145.0,2120.0,2129.0,272239
2022-11-24T00:00:00+05:30,2139.05,2144.0,2100.0,2104.45,381945
2022-11-25T00:00:00+05:30,2115.0,2123.4,2100.0,2108.55,249699
2022-11-28T00:00:00+05:30,2108.55,2144.0,2108.55,2122.7,242359
2022-11-29T00:00:00+05:30,2125.0,2176.2,2116.35,2168.9,522668
2022-11-30T00:00:00+05:30,2173.95,2185.1,2162.45,2175.55,291269
2022-12-01T00:00:00+05:30,2177.95,2189.0,2146.75,2165.6,265949
2022-12-02T00:00:00+05:30,2170.0,2217.85,2153.65,2211.5,452478
2022-12-05T00:00:00+05:30,2222.55,2260.9,2197.0,2255.45,659983
2022-12-06T00:00:00+05:30,2262.0,2263.4,2231.05,2238.95,261371
2022-12-07T00:00:00+05:30,2248.0,2250.95,2196.1,2212.7,270268
2022-12-08T00:00:00+05:30,2216.6,2250.0,2212.0,2239.5,286182
2022-12-09T00:00:00+05:30,2244.0,2249.7,2176.35,2191.5,298539
2022-12-12T00:00:00+05:30,2180.1,2216.85,2162.05,2190.0,244404
2022-12-13T00:00:00+05:30,2200.35,2226.0,2174.45,2221.65,344532
2022-12-14T00:00:00+05:30,2225.0,2245.0,2216.75,2221.25,232162
2022-12-15T00:00:00+05:30,2218.0,2232.0,2170.0,2175.6,183113
2022-12-16T00:00:00+05:30,2169.0,2173.0,2103.0,2108.35,343802
2022-12-19T00:00:00+05:30,2113.45,2117.8,2066.5,2090.35,344538
2022-12-20T00:00:00+05:30,2092.0,2102.1,2061.1,2087.25,207481
2022-12-21T00:00:00+05:30,2097.65,2121.4,2040.7,2049.2,301620
2022-12-22T00:00:00+05:30,2049.2,2068.65,2000.0,2012.4,362968
2022-12-23T00:00:00+05:30,1983.0,2005.55,1877.4,1888.3,697707
2022-12-26T00:00:00+05:30,1894.0,1965.0,1880.05,1951.3,350045
2022-12-27T00:00:00+05:30,1974.8,1999.95,1962.25,1985.25,325651
2022-12-28T00:00:00+05:30,1992.45,2005.0,1967.0,1992.15,214525
2022-12-29T00:00:00+05:30,1990.0,1994.15,1962.3,1976.25,239854
2022-12-30T00:00:00+05:30,1986.05,2013.05,1980.55,1988.0,239487
2023-01-02T00:00:00+05:30,1995.25,2009.25,1980.65,1992.0,186831
2023-01-03T00:00:00+05:30,1999.0,2019.9,1993.1,1998.95,216858
2023-01-04T00:00:00+05:30,2004.0,2008.2,1950.0,1959.95,258255
2023-01-05T00:00:00+05:30,1968.95,1973.6,1921.65,1943.65,312180
2023-01-06T00:00:00+05:30,1950.0,1968.8,1930.0,1936.55,183624
2023-01-09T00:00:00+05:30,1950.0,1973.0,1925.0,1934.55,185438
2023-01-10T00:00:00+05:30,1943.0,1953.0,1911.05,1929.65,189214
2023-01-11T00:00:00+05:30,1940.5,1955.0,1920.9,1928.95,173004
2023-01-12T00:00:00+05:30,1938.0,1955.0,1930.1,1941.8,205945
2023-01-13T00:00:00+05:30,1950.3,1954.1,1921.9,1944.2,140899
2023-01-16T00:00:00+05:30,1944.2,1962.0,1924.95,1931.75,165608
2023-01-17T00:00:00+05:30,1933.0,1946.6,1921.0,1941.4,140792
2023-01-18T00:00:00+05:30,1942.0,1953.95,1928.3,1932.95,149969
2023-01-19T00:00:00+05:30,1932.8,1935.0,1917.0,1925.45,114276
2023-01-20T00:00:00+05:30,1934.0,1934.0,1883.0,1887.55,233415
2023-01-23T00:00:00+05:30,1887.55,1900.0,1860.0,1885.8,275313
2023-01-24T00:00:00+05:30,1888.0,1898.5,1876.0,1884.7,136001
2023-01-25T00:00:00+05:30,1884.75,1889.75,1830.55,1837.3,307378
2023-01-27T00:00:00+05:30,1837.3,1858.5,1800.0,1823.85,261949
2023-01-30T00:00:00+05:30,1814.95,1867.15,1811.25,1839.45,179924
2023-01-31T00:00:00+05:30,1849.95,1888.0,1840.65,1880.05,201036
2023-02-01T00:00:00+05:30,1880.05,1905.3,1822.0,1853.95,349636
2023-02-02T00:00:00+05:30,1852.75,1869.0,1815.35,1848.0,275399
2023-02-03T00:00:00+05:30,1852.0,1858.0,1800.0,1824.0,326125
2023-02-06T00:00:00+05:30,1827.05,1847.7,1800.1,1816.05,387713
2023-02-07T00:00:00+05:30,1815.0,1815.0,1730.0,1775.0,1074721
2023-02-08T00:00:00+05:30,1777.0,1834.95,1742.15,1813.7,1499430
2023-02-09T00:00:00+05:30,1820.0,1826.55,1804.0,1806.6,279792
2023-02-10T00:00:00+05:30,1806.6,1820.0,1778.05,1785.7,485228
2023-02-13T00:00:00+05:30,1786.0,1800.0,1750.0,1762.55,306424
2023-02-14T00:00:00+05:30,1760.0,1783.5,1735.0,1757.4,298493
2023-02-15T00:00:00+05:30,1749.0,1809.0,1749.0,1797.95,446448
2023-02-16T00:00:00+05:30,1807.9,1838.0,1795.9,1824.85,452510
2023-02-17T00:00:00+05:30,1820.0,1829.85,1786.4,1804.25,237877
2023-02-20T00:00:00+05:30,1804.25,1827.9,1784.0,1812.0,267871
2023-02-21T00:00:00+05:30,1812.0,1848.35,1801.0,1804.4,424165
2023-02-22T00:00:00+05:30,1802.0,1814.25,1771.0,1795.45,349522
2023-02-23T00:00:00+05:30,1800.0,1804.45,1757.0,1793.25,350401
2023-02-24T00:00:00+05:30,1794.1,1819.9,1791.0,1812.05,246159
2023-02-27T00:00:00+05:30,1810.0,1815.0,1765.0,1808.8,318185
2023-02-28T00:00:00+05:30,1809.0,1817.95,1777.75,1799.15,313914
2023-03-01T00:00:00+05:30,1800.0,1853.0,1799.15,1845.75,432440
2023-03-02T00:00:00+05:30,1854.95,1864.9,1822.05,1829.0,266524
2023-03-03T00:00:00+05:30,1838.1,1847.7,1819.75,1824.3,193405
2023-03-06T00:00:00+05:30,1829.85,1849.0,1827.05,1829.05,146781
2023-03-08T00:00:00+05:30,1831.5,1831.5,1793.0,1819.85,224546
2023-03-09T00:00:00+05:30,1827.0,1844.65,1804.0,1809.1,202956
2023-03-10T00:00:00+05:30,1804.0,1818.75,1780.0,1815.05,211671
2023-03-13T00:00:00+05:30,1815.05,1821.2,1790.0,1808.75,266207
2023-03-14T00:00:00+05:30,1811.9,1835.0,1781.0,1831.35,297950
2023-03-15T00:00:00+05:30,1845.0,1850.0,1798.2,1813.35,218967
2023-03-16T00:00:00+05:30,1806.55,1828.4,1775.45,1810.2,340071
2023-03-17T00:00:00+05:30,1835.1,1835.1,1797.85,1803.9,182802
2023-03-20T00:00:00+05:30,1791.05,1805.4,1770.05,1802.3,261744
2023-03-21T00:00:00+05:30,1802.3,1827.95,1790.0,1795.7,214368
2023-03-22T00:00:00+05:30,1796.0,1819.0,1796.0,1804.7,157462
2023-03-23T00:00:00+05:30,1796.0,1814.0,1793.4,1810.3,208882
2023-03-24T00:00:00+05:30,1810.05,1824.45,1777.0,1780.05,368609
2023-03-27T00:00:00+05:30,1780.1,1804.5,1762.0,1792.7,319064
2023-03-28T00:00:00+05:30,1797.95,1807.1,1784.55,1798.2,272012
2023-03-29T00:00:00+05:30,1805.9,1819.0,1788.15,1801.95,375906
2023-03-31T00:00:00+05:30,1800.5,1855.0,1800.5,1842.0,537153
2023-04-03T00:00:00+05:30,1850.0,1858.15,1799.6,1804.1,325008
2023-04-05T00:00:00+05:30,1804.0,1811.15,1783.65,1806.0,542882
2023-04-06T00:00:00+05:30,1805.1,1819.0,1795.75,1807.3,276951
2023-04-10T00:00:00+05:30,1810.0,1827.0,1801.0,1822.65,383019
2023-04-11T00:00:00+05:30,1823.05,1839.5,1815.0,1834.65,271425
2023-04-12T00:00:00+05:30,1839.85,1852.95,1835.25,1846.45,332040
2023-04-13T00:00:00+05:30,1850.0,1899.0,1849.0,1871.6,876881
2023-04-17T00:00:00+05:30,1876.55,1882.5,1842.0,1851.0,317517
2023-04-18T00:00:00+05:30,1865.75,1877.0,1855.8,1868.75,254523
2023-04-19T00:00:00+05:30,1868.7,1875.0,1838.05,1848.45,167714
2023-04-20T00:00:00+05:30,1848.45,1862.7,1835.0,1837.5,128968
2023-04-21T00:00:00+05:30,1837.5,1844.0,1812.75,1831.7,233003
2023-04-24T00:00:00+05:30,1836.3,1847.0,1829.25,1839.8,188861
2023-04-25T00:00:00+05:30,1842.5,1868.95,1839.45,1854.6,268315
2023-04-26T00:00:00+05:30,1853.95,1871.35,1850.55,1858.05,175226
2023-04-27T00:00:00+05:30,1858.1,1870.25,1858.1,1861.05,129999
2023-04-28T00:00:00+05:30,1864.95,1893.95,1864.95,1888.2,238650
2023-05-02T00:00:00+05:30,1899.75,1911.5,1882.65,1895.25,384075
2023-05-03T00:00:00+05:30,1893.75,1958.8,1885.2,1952.2,812215
2023-05-04T00:00:00+05:30,1957.9,1957.9,1921.95,1935.8,322921
2023-05-05T00:00:00+05:30,1935.85,1947.95,1911.0,1914.7,191545
2023-05-08T00:00:00+05:30,1919.95,1941.0,1917.0,1936.45,199584
2023-05-09T00:00:00+05:30,1937.45,1969.0,1935.1,1948.55,433066
2023-05-10T00:00:00+05:30,1963.5,1970.0,1945.65,1958.55,309010
2023-05-11T00:00:00+05:30,1964.95,1969.0,1922.1,1926.75,356881
2023-05-12T00:00:00+05:30,1888.0,1953.8,1863.65,1933.5,992774
2023-05-15T00:00:00+05:30,1943.95,1943.95,1909.0,1932.05,242187
2023-05-16T00:00:00+05:30,1930.0,1958.85,1923.45,1929.2,196317
2023-05-17T00:00:00+05:30,1929.0,1979.45,1928.95,1972.9,388694
2023-05-18T00:00:00+05:30,1984.95,2006.15,1960.45,1966.5,618375
2023-05-19T00:00:00+05:30,1972.0,1984.7,1934.0,1941.1,220849
2023-05-22T00:00:00+05:30,1940.95,1955.0,1918.85,1944.95,179201
2023-05-23T00:00:00+05:30,1948.5,1968.0,1935.6,1950.05,187633
2023-05-24T00:00:00+05:30,1948.0,2160.0,1932.8,2135.1,3981657
2023-05-25T00:00:00+05:30,2127.9,2127.9,2057.05,2078.95,1158889
2023-05-26T00:00:00+05:30,2080.15,2088.45,2058.0,2074.55,365356
2023-05-29T00:00:00+05:30,2075.2,2096.75,2065.0,2082.5,474055
2023-05-30T00:00:00+05:30,2079.5,2089.5,2068.0,2073.0,180598
2023-05-31T00:00:00+05:30,2075.0,2094.0,2068.0,2073.8,281283
2023-06-01T00:00:00+05:30,2081.95,2093.35,2069.95,2075.8,205129
2023-06-02T00:00:00+05:30,2084.95,2093.0,2070.0,2086.65,174525
2023-06-05T00:00:00+05:30,2095.0,2125.0,2095.0,2111.75,638001
2023-06-06T00:00:00+05:30,2120.0,2136.0,2112.0,2130.35,494351
2023-06-07T00:00:00+05:30,2135.0,2148.95,2120.0,2126.4,335351
2023-06-08T00:00:00+05:30,2130.0,2135.0,2070.0,2086.1,550208
2023-06-09T00:00:00+05:30,2084.05,2098.0,2011.3,2019.9,569619
2023-06-12T00:00:00+05:30,2026.0,2044.85,2002.1,2027.95,280214
2023-06-13T00:00:00+05:30,2045.1,2073.35,2029.3,2069.25,503123
2023-06-14T00:00:00+05:30,2069.25,2140.55,2061.3,2114.6,805221
2023-06-15T00:00:00+05:30,2127.0,2179.8,2112.55,2136.55,788922
2023-06-16T00:00:00+05:30,2153.0,2178.0,2145.3,2165.0,642004
2023-06-19T00:00:00+05:30,2179.45,2213.95,2168.0,2172.9,462870
2023-06-20T00:00:00+05:30,2178.75,2251.0,2177.0,2242.0,1161810
2023-06-21T00:00:00+05:30,2248.95,2264.0,2242.65,2259.85,492990
2023-06-22T00:00:00+05:30,2257.9,2277.95,2228.65,2263.4,657245
2023-06-23T00:00:00+05:30,2268.0,2281.9,2196.05,2206.0,758254
2023-06-26T00:00:00+05:30,2184.05,2242.0,2175.65,2227.1,425104
2023-06-27T00:00:00+05:30,2232.1,2245.9,2190.25,2201.0,303636
2023-06-28T00:00:00+05:30,2205.25,2210.8,2172.55,2180.0,262252
2023-06-30T00:00:00+05:30,2180.15,2202.95,2165.85,2174.4,245668
2023-07-03T00:00:00+05:30,2174.35,2188.0,2155.95,2167.3,208735
2023-07-04T00:00:00+05:30,2171.0,2182.75,2156.5,2175.0,289533
2023-07-05T00:00:00+05:30,2175.0,2202.45,2122.45,2130.0,485306
2023-07-06T00:00:00+05:30,2132.1,2139.95,2117.05,2135.0,331454
2023-07-07T00:00:00+05:30,2135.0,2138.3,2057.0,2065.0,567214
2023-07-10T00:00:00+05:30,2071.0,2076.6,1978.0,1980.0,801656
2023-07-11T00:00:00+05:30,1991.95,1991.95,1927.0,1940.0,1085508
2023-07-12T00:00:00+05:30,1940.0,1950.5,1911.95,1935.0,636433
2023-07-13T00:00:00+05:30,1947.95,1953.0,1900.25,1925.7,520190
2023-07-14T00:00:00+05:30,1933.95,1946.0,1916.5,1943.0,303303
2023-07-17T00:00:00+05:30,1950.0,2001.05,1945.55,1990.85,541989
2023-07-18T00:00:00+05:30,1999.95,2007.0,1956.0,1982.95,471586
2023-07-19T00:00:00+05:30,1978.25,1996.0,1977.25,1990.0,338883
2023-07-20T00:00:00+05:30,1992.0,2003.0,1978.2,1985.4,325678
2023-07-21T00:00:00+05:30,1980.0,1993.95,1955.8,1980.5,336096
2023-07-24T00:00:00+05:30,1982.0,2000.0,1961.1,1995.45,379632
2023-07-25T00:00:00+05:30,1982.0,2019.0,1982.0,2011.1,464471
2023-07-26T00:00:00+05:30,2019.85,2019.85,1997.65,2005.0,287711
2023-07-27T00:00:00+05:30,2015.0,2015.0,1971.35,1983.65,329549
2023-07-28T00:00:00+05:30,1980.0,2023.6,1970.3,2010.9,329769
2023-07-31T00:00:00+05:30,2025.0,2028.0,1996.0,2006.25,190374
2023-08-01T00:00:00+05:30,2010.7,2048.9,2010.0,2040.0,461604
2023-08-02T00:00:00+05:30,2040.0,2044.8,1992.2,2011.2,351374
2023-08-03T00:00:00+05:30,2013.0,2031.8,1991.0,2021.6,345093
2023-08-04T00:00:00+05:30,1944.95,2048.9,1944.95,2035.1,1509378
2023-08-07T00:00:00+05:30,2036.0,2083.7,2023.05,2038.05,480576
2023-08-08T00:00:00+05:30,2050.0,2101.5,2031.75,2088.75,506678
2023-08-09T00:00:00+05:30,2074.0,2124.0,2054.15,2065.0,526940
2023-08-10T00:00:00+05:30,2065.45,2075.0,2036.1,2070.0,236287
2023-08-11T00:00:00+05:30,2073.0,2099.25,2060.05,2077.0,257610
2023-08-14T00:00:00+05:30,2083.55,2083.55,2045.1,2050.0,191325
2023-08-16T00:00:00+05:30,2045.05,2048.7,2028.0,2039.05,149827
2023-08-17T00:00:00+05:30,2043.0,2054.4,1995.0,1995.0,264067
2023-08-18T00:00:00+05:30,1998.25,2002.3,1962.35,1995.0,393751
2023-08-21T00:00:00+05:30,1994.95,2014.25,1985.0,2003.75,470790
2023-08-22T00:00:00+05:30,2014.95,2014.95,1976.4,1980.65,241833
2023-08-23T00:00:00+05:30,1988.05,2000.1,1985.0,1993.0,272751
2023-08-24T00:00:00+05:30,1996.05,2043.65,1996.05,2030.0,557680
2023-08-25T00:00:00+05:30,2024.95,2024.95,1993.35,2011.1,474437
2023-08-28T00:00:00+05:30,2015.15,2051.0,2006.35,2036.45,396795
2023-08-29T00:00:00+05:30,2049.0,2181.8,2042.0,2177.0,2994366
2023-08-30T00:00:00+05:30,2179.95,2231.65,2168.0,2211.0,1438434
2023-08-31T00:00:00+05:30,2205.0,2232.25,2195.0,2212.0,580832
2023-09-01T00:00:00+05:30,2233.05,2233.05,2203.95,2226.05,325696
2023-09-04T00:00:00+05:30,2238.95,2264.9,2218.65,2242.55,434531
2023-09-05T00:00:00+05:30,2245.0,2316.0,2242.85,2280.9,976414
2023-09-06T00:00:00+05:30,2275.05,2312.9,2258.6,2291.95,421114
2023-09-07T00:00:00+05:30,2291.9,2355.0,2288.2,2339.65,751841
2023-09-08T00:00:00+05:30,2346.35,2372.7,2304.5,2319.25,530366
2023-09-11T00:00:00+05:30,2324.95,2352.25,2312.1,2342.8,329330
2023-09-12T00:00:00+05:30,2342.8,2349.95,2240.0,2247.4,507216
2023-09-13T00:00:00+05:30,2247.4,2284.4,2227.6,2279.6,267457
2023-09-14T00:00:00+05:30,2284.95,2305.8,2253.0,2267.55,278618
2023-09-15T00:00:00+05:30,2267.55,2283.1,2232.0,2242.25,496926
2023-09-18T00:00:00+05:30,2231.0,2276.1,2231.0,2246.0,327785
2023-09-20T00:00:00+05:30,2248.9,2262.65,2210.1,2213.7,241660
2023-09-21T00:00:00+05:30,2213.7,2232.25,2170.9,2180.55,294980
2023-09-22T00:00:00+05:30,2180.5,2190.0,2123.0,2128.3,264047
2023-09-25T00:00:00+05:30,2126.75,2157.0,2120.95,2138.1,219732
2023-09-26T00:00:00+05:30,2148.0,2154.0,2100.0,2108.05,263970
2023-09-27T00:00:00+05:30,2114.9,2149.9,2100.0,2141.75,249896
2023-09-28T00:00:00+05:30,2141.75,2156.5,2082.2,2100.45,230858
2023-09-29T00:00:00+05:30,2101.0,2140.0,2091.4,2120.45,155386
2023-10-03T00:00:00+05:30,2091.0,2131.0,2091.0,2119.5,160340
2023-10-04T00:00:00+05:30,2119.5,2121.35,2066.0,2090.2,188937
2023-10-05T00:00:00+05:30,2090.25,2119.0,2090.25,2103.8,131245
2023-10-06T00:00:00+05:30,2103.8,2129.35,2100.2,2108.5,155897
2023-10-09T00:00:00+05:30,2070.0,2093.4,2064.25,2068.95,422727
2023-10-10T00:00:00+05:30,2064.0,2093.95,2060.0,2065.5,518036
2023-10-11T00:00:00+05:30,2085.0,2125.0,2085.0,2093.7,677149
2023-10-12T00:00:00+05:30,2098.95,2111.95,2077.9,2087.7,194627
2023-10-13T00:00:00+05:30,2079.95,2093.45,2062.65,2083.35,222918
2023-10-16T00:00:00+05:30,2081.0,2121.0,2075.7,2111.1,282380
2023-10-17T00:00:00+05:30,2130.4,2167.85,2113.2,2125.4,478314
2023-10-18T00:00:00+05:30,2124.0,2132.85,2088.25,2105.6,205438
2023-10-19T00:00:00+05:30,2080.0,2115.9,2073.0,2092.65,137807
2023-10-20T00:00:00+05:30,2092.65,2094.65,2075.0,2084.6,130738
2023-10-23T00:00:00+05:30,2075.0,2090.25,2005.55,2019.15,364127
2023-10-25T00:00:00+05:30,2022.0,2030.0,1960.45,1979.05,332507
2023-10-26T00:00:00+05:30,1979.0,1979.0,1921.85,1950.0,266494
2023-10-27T00:00:00+05:30,1960.05,2004.0,1957.15,1988.0,138814
2023-10-30T00:00:00+05:30,1983.0,1997.95,1970.0,1990.95,145786
2023-10-31T00:00:00+05:30,1990.95,2013.9,1983.0,1988.55,103168
2023-11-01T00:00:00+05:30,1988.0,1993.95,1955.05,1964.0,106262
2023-11-02T00:00:00+05:30,1968.0,2007.5,1966.0,2000.3,143969
2023-11-03T00:00:00+05:30,2013.95,2030.9,1991.75,2021.7,154883
2023-11-06T00:00:00+05:30,2021.7,2144.85,2018.3,2138.35,666246
2023-11-07T00:00:00+05:30,2138.35,2138.35,2091.0,2099.65,225300
2023-11-08T00:00:00+05:30,2182.0,2210.0,2116.2,2141.3,1168842
2023-11-09T00:00:00+05:30,2144.95,2149.1,2067.0,2076.4,478796
2023-11-10T00:00:00+05:30,2079.85,2117.0,2055.05,2112.0,279373
2023-11-12T00:00:00+05:30,2120.0,2142.0,2105.65,2116.05,55737
2023-11-13T00:00:00+05:30,2119.0,2127.95,2095.0,2113.35,144923
2023-11-15T00:00:00+05:30,2125.0,2136.0,2112.1,2119.6,131703
2023-11-16T00:00:00+05:30,2119.6,2166.0,2115.5,2149.35,238362
2023-11-17T00:00:00+05:30,2140.35,2172.35,2138.1,2147.9,176457
2023-11-20T00:00:00+05:30,2147.9,2155.0,2108.4,2117.95,152898
2023-11-21T00:00:00+05:30,2118.0,2164.15,2115.0,2125.1,167899
2023-11-22T00:00:00+05:30,2125.1,2152.0,2120.05,2133.4,129670
2023-11-23T00:00:00+05:30,2133.95,2224.95,2133.95,2206.2,1155315
2023-11-24T00:00:00+05:30,2223.5,2239.8,2190.0,2195.2,483262
2023-11-28T00:00:00+05:30,2195.0,2221.5,2168.0,2177.85,236310
2023-11-29T00:00:00+05:30,2190.0,2209.0,2175.05,2204.25,248651
2023-11-30T00:00:00+05:30,2204.8,2209.95,2179.1,2196.1,233380
2023-12-01T00:00:00+05:30,2209.0,2229.0,2192.15,2214.2,293066
2023-12-04T00:00:00+05:30,2233.0,2235.0,2204.6,2210.35,182278
2023-12-05T00:00:00+05:30,2221.25,2254.0,2200.8,2235.5,563712
2023-12-06T00:00:00+05:30,2246.95,2325.95,2236.2,2253.15,735572
2023-12-07T00:00:00+05:30,2269.95,2271.35,2240.0,2259.85,170605
2023-12-08T00:00:00+05:30,2270.0,2275.95,2182.1,2215.25,306753
2023-12-11T00:00:00+05:30,2215.25,2243.55,2211.0,2223.15,145160
2023-12-12T00:00:00+05:30,2230.0,2244.05,2198.0,2227.15,271031
2023-12-13T00:00:00+05:30,2227.15,2250.0,2202.2,2245.7,202467
2023-12-14T00:00:00+05:30,2255.85,2278.5,2242.0,2269.75,284494
2023-12-15T00:00:00+05:30,2275.0,2410.0,2264.15,2306.35,1965334
2023-12-18T00:00:00+05:30,2306.0,2343.0,2285.0,2311.9,249742
2023-12-19T00:00:00+05:30,2311.9,2326.75,2266.65,2288.15,343965
2023-12-20T00:00:00+05:30,2314.35,2393.95,2196.0,2217.5,1628301
2023-12-21T00:00:00+05:30,2215.0,2290.0,2179.4,2284.7,557361
2023-12-22T00:00:00+05:30,2295.0,2399.95,2288.25,2379.45,1244623
2023-12-26T00:00:00+05:30,2387.55,2487.75,2379.45,2472.4,1731032
2023-12-27T00:00:00+05:30,2483.9,2495.0,2432.05,2464.85,767732
2023-12-28T00:00:00+05:30,2456.05,2477.4,2425.55,2432.95,409432
2023-12-29T00:00:00+05:30,2445.0,2502.0,2432.6,2481.2,682479
2024-01-01T00:00:00+05:30,2488.0,2521.15,2460.0,2473.9,499429
2024-01-02T00:00:00+05:30,2474.0,2494.0,2424.85,2479.2,361687
2024-01-03T00:00:00+05:30,2479.2,2500.0,2435.05,2480.05,401471
2024-01-04T00:00:00+05:30,2478.0,2519.0,2473.2,2487.0,301557
2024-01-05T00:00:00+05:30,2475.1,2509.0,2415.6,2447.95,292318
2024-01-08T00:00:00+05:30,2451.95,2459.95,2401.0,2431.05,252063
2024-01-09T00:00:00+05:30,2441.95,2459.05,2415.0,2439.45,265428
2024-01-10T00:00:00+05:30,2438.0,2450.0,2395.0,2429.5,225912
2024-01-11T00:00:00+05:30,2430.0,2480.35,2430.0,2470.6,234273
2024-01-12T00:00:00+05:30,2485.65,2498.0,2423.1,2433.5,247469
2024-01-15T00:00:00+05:30,2433.5,2452.4,2412.0,2428.1,159205
2024-01-16T00:00:00+05:30,2430.0,2456.2,2373.0,2403.2,191471
2024-01-17T00:00:00+05:30,2381.0,2420.35,2317.0,2325.35,367496
2024-01-18T00:00:00+05:30,2325.4,2346.9,2261.0,2293.05,293820
2024-01-19T00:00:00+05:30,2300.0,2407.45,2299.2,2356.7,457836
2024-01-20T00:00:00+05:30,2361.2,2387.15,2295.35,2318.3,146780
2024-01-23T00:00:00+05:30,2318.95,2340.15,2239.05,2246.55,235127
2024-01-24T00:00:00+05:30,2244.75,2292.0,2227.05,2284.15,135521
2024-01-25T00:00:00+05:30,2284.15,2294.95,2231.9,2236.4,125374
2024-01-29T00:00:00+05:30,2236.4,2250.0,2223.0,2240.1,134590
2024-01-30T00:00:00+05:30,2250.0,2265.35,2214.5,2218.5,164594
2024-01-31T00:00:00+05:30,2208.05,2320.0,2208.05,2305.9,393059
2024-02-01T00:00:00+05:30,2350.0,2357.95,2239.0,2250.5,406784
2024-02-02T00:00:00+05:30,2270.0,2280.0,2245.4,2250.15,144886
2024-02-05T00:00:00+05:30,2250.15,2268.0,2204.35,2212.05,186156
2024-02-06T00:00:00+05:30,2222.0,2266.7,2212.05,2248.4,176374
2024-02-07T00:00:00+05:30,2255.0,2268.75,2221.55,2230.2,206048
2024-02-08T00:00:00+05:30,2236.0,2247.35,2195.55,2203.15,137498
2024-02-09T00:00:00+05:30,2200.0,2222.4,2178.0,2215.15,145845
2024-02-12T00:00:00+05:30,2216.0,2251.0,2189.0,2197.9,154953
2024-02-13T00:00:00+05:30,2189.1,2238.3,2163.0,2230.75,180054
2024-02-14T00:00:00+05:30,2183.0,2270.55,2183.0,2256.75,413434
2024-02-15T00:00:00+05:30,2270.05,2334.0,2263.0,2282.7,420659
2024-02-16T00:00:00+05:30,2289.0,2323.25,2273.05,2312.2,205382
2024-02-19T00:00:00+05:30,2295.25,2314.85,2275.55,2281.6,299424
2024-02-20T00:00:00+05:30,2281.6,2368.05,2276.7,2356.6,798999
2024-02-21T00:00:00+05:30,2371.95,2378.0,2312.05,2326.75,748700
2024-02-22T00:00:00+05:30,2334.0,2352.35,2320.0,2341.6,228509
2024-02-23T00:00:00+05:30,2343.55,2362.0,2300.0,2305.55,188350
2024-02-26T00:00:00+05:30,2307.0,2314.6,2275.45,2283.65,129553
2024-02-27T00:00:00+05:30,2284.0,2304.7,2256.05,2263.1,145591
2024-02-28T00:00:00+05:30,2264.95,2274.75,2180.8,2190.55,319676
2024-02-29T00:00:00+05:30,2190.55,2223.65,2169.0,2212.85,214547
2024-03-01T00:00:00+05:30,2206.15,2234.8,2206.15,2221.25,184530
2024-03-02T00:00:00+05:30,2221.25,2235.0,2212.0,2218.35,15433
2024-03-04T00:00:00+05:30,2218.35,2238.05,2184.1,2187.5,99205
2024-03-05T00:00:00+05:30,2176.05,2227.0,2176.05,2201.4,215185
2024-03-06T00:00:00+05:30,2200.0,2201.75,2134.85,2189.55,222308
2024-03-07T00:00:00+05:30,2200.0,2250.0,2197.0,2206.05,244118
2024-03-11T00:00:00+05:30,2206.05,2215.15,2157.55,2165.45,126299
2024-03-12T00:00:00+05:30,2174.45,2175.0,2121.5,2129.35,183290
2024-03-13T00:00:00+05:30,2125.1,2145.95,2054.2,2065.2,396878
2024-03-14T00:00:00+05:30,2051.0,2109.0,2035.1,2099.6,138189
2024-03-15T00:00:00+05:30,2108.0,2123.55,2080.0,2098.65,234166
2024-03-18T00:00:00+05:30,2106.45,2120.9,2101.0,2109.25,102446
2024-03-19T00:00:00+05:30,2109.45,2139.0,2096.7,2115.7,201055
2024-03-20T00:00:00+05:30,2115.7,2130.0,2059.15,2100.05,165795
2024-03-21T00:00:00+05:30,2110.55,2155.0,2110.05,2149.85,198270
2024-03-22T00:00:00+05:30,2160.0,2183.3,2148.15,2161.15,225223
2024-03-26T00:00:00+05:30,2154.2,2171.7,2134.55,2139.05,138132
2024-03-27T00:00:00+05:30,2148.9,2180.75,2130.0,2156.55,273112
2024-03-28T00:00:00+05:30,2156.55,2168.95,2117.0,2125.5,214589
2024-04-01T00:00:00+05:30,2131.95,2155.8,2120.0,2142.3,273839
2024-04-02T00:00:00+05:30,2157.95,2214.05,2140.5,2202.95,359037
2024-04-03T00:00:00+05:30,2200.0,2207.7,2178.0,2183.6,412580
2024-04-04T00:00:00+05:30,2189.95,2230.75,2163.65,2214.45,662523
2024-04-05T00:00:00+05:30,2216.95,2222.75,2187.2,2219.9,314918
2024-04-08T00:00:00+05:30,2225.0,2257.95,2197.05,2206.8,364870
2024-04-09T00:00:00+05:30,2212.95,2234.5,2185.05,2192.0,232323
2024-04-10T00:00:00+05:30,2195.0,2307.0,2190.45,2297.1,803752
2024-04-12T00:00:00+05:30,2298.0,2346.5,2294.55,2316.7,830564
2024-04-15T00:00:00+05:30,2289.95,2319.35,2247.55,2298.9,434128
2024-04-16T00:00:00+05:30,2287.95,2354.85,2270.25,2324.7,260661
2024-04-18T00:00:00+05:30,2322.65,2365.0,2293.7,2305.25,461042
2024-04-19T00:00:00+05:30,2291.0,2297.0,2245.6,2271.85,202028
2024-04-22T00:00:00+05:30,2279.95,2324.75,2270.05,2301.85,244590
2024-04-23T00:00:00+05:30,2311.3,2396.0,2300.95,2371.2,646643
2024-04-24T00:00:00+05:30,2383.0,2425.45,2368.65,2399.3,779402
2024-04-25T00:00:00+05:30,2412.0,2427.0,2388.2,2422.8,337195
2024-04-26T00:00:00+05:30,2440.0,2535.0,2405.7,2477.05,873725
2024-04-29T00:00:00+05:30,2508.95,2510.0,2425.0,2443.85,355463
2024-04-30T00:00:00+05:30,2442.0,2474.8,2420.1,2430.55,258833
2024-05-02T00:00:00+05:30,2430.55,2499.3,2416.85,2479.75,337409
2024-05-03T00:00:00+05:30,2485.0,2500.0,2413.8,2448.65,257008
2024-05-06T00:00:00+05:30,2513.0,2619.8,2511.0,2564.05,2112066
2024-05-07T00:00:00+05:30,2565.0,2568.65,2480.05,2513.5,386722
2024-05-08T00:00:00+05:30,2513.0,2527.5,2472.0,2504.0,209481
2024-05-09T00:00:00+05:30,2510.0,2525.0,2422.35,2435.8,211563
2024-05-10T00:00:00+05:30,2433.0,2503.7,2410.7,2494.55,284452
2024-05-13T00:00:00+05:30,2502.85,2512.0,2438.0,2482.7,169202
2024-05-14T00:00:00+05:30,2495.0,2495.0,2450.0,2469.15,121988
2024-05-15T00:00:00+05:30,2469.15,2485.0,2427.45,2440.0,67863
2024-05-16T00:00:00+05:30,2440.2,2455.0,2422.0,2448.45,164601
2024-05-17T00:00:00+05:30,2457.5,2483.15,2454.05,2474.65,181347
2024-05-18T00:00:00+05:30,2495.0,2545.0,2475.0,2488.0,102431
2024-05-21T00:00:00+05:30,2530.0,2567.7,2484.6,2516.7,459331
2024-05-22T00:00:00+05:30,2540.0,2555.0,2453.45,2463.5,248335
2024-05-23T00:00:00+05:30,2459.05,2459.05,2327.4,2334.9,845859
2024-05-24T00:00:00+05:30,2323.0,2376.9,2320.45,2365.2,424506
2024-05-27T00:00:00+05:30,2365.35,2375.7,2330.15,2344.6,179388
2024-05-28T00:00:00+05:30,2345.0,2361.4,2280.55,2299.45,954366
2024-05-29T00:00:00+05:30,2282.05,2298.0,2263.7,2267.65,360699
2024-05-30T00:00:00+05:30,2267.0,2267.65,2170.2,2184.45,919607
2024-05-31T00:00:00+05:30,2200.1,2205.25,2165.0,2191.3,554665
2024-06-03T00:00:00+05:30,2280.0,2280.0,2206.7,2244.65,270605
2024-06-04T00:00:00+05:30,2244.0,2245.0,2021.0,2142.65,696813
2024-06-05T00:00:00+05:30,2169.0,2239.95,2150.55,2228.15,189613
2024-06-06T00:00:00+05:30,2248.0,2286.95,2225.0,2278.45,253051
2024-06-07T00:00:00+05:30,2278.45,2295.0,2266.05,2282.05,114417
2024-06-10T00:00:00+05:30,2285.0,2331.4,2274.4,2302.4,222425
2024-06-11T00:00:00+05:30,2310.4,2337.0,2300.2,2316.0,340586
2024-06-12T00:00:00+05:30,2316.0,2358.6,2308.6,2351.8,377841
2024-06-13T00:00:00+05:30,2370.0,2421.0,2352.55,2411.05,502975
2024-06-14T00:00:00+05:30,2419.0,2441.4,2388.0,2413.7,450097
2024-06-18T00:00:00+05:30,2419.0,2433.9,2390.0,2422.35,306853
2024-06-19T00:00:00+05:30,2430.95,2527.0,2407.35,2485.9,918506
2024-06-20T00:00:00+05:30,2489.9,2640.0,2469.0,2605.25,1649662
2024-06-21T00:00:00+05:30,2614.95,2646.0,2531.4,2545.95,474787
2024-06-24T00:00:00+05:30,2544.0,2544.0,2485.0,2509.0,214453
2024-06-25T00:00:00+05:30,2509.0,2527.85,2454.0,2459.75,158358
2024-06-26T00:00:00+05:30,2461.0,2525.0,2448.0,2505.25,602699
2024-06-27T00:00:00+05:30,2520.1,2535.0,2476.5,2513.35,262310
2024-06-28T00:00:00+05:30,2513.0,2533.8,2497.65,2501.95,150785
2024-07-01T00:00:00+05:30,2520.0,2645.0,2510.0,2616.0,614193
2024-07-02T00:00:00+05:30,2645.0,2739.0,2630.2,2686.7,2094904
2024-07-03T00:00:00+05:30,2719.95,2720.0,2636.3,2660.25,496918
2024-07-04T00:00:00+05:30,2678.0,2705.0,2617.6,2677.1,386465
2024-07-05T00:00:00+05:30,2680.0,2720.0,2671.55,2687.8,302861
2024-07-08T00:00:00+05:30,2700.0,2726.1,2670.05,2694.15,381917
2024-07-09T00:00:00+05:30,2694.95,2755.0,2670.15,2700.9,1009589
2024-07-10T00:00:00+05:30,2705.0,2738.0,2631.1,2724.9,655708
2024-07-11T00:00:00+05:30,2736.95,2779.95,2702.05,2762.55,559474
2024-07-12T00:00:00+05:30,2762.55,2803.75,2737.5,2774.6,467034
2024-07-15T00:00:00+05:30,2768.6,2829.95,2752.05,2801.45,449236
2024-07-16T00:00:00+05:30,2801.0,2827.0,2782.55,2799.1,266498
2024-07-18T00:00:00+05:30,2775.05,2842.0,2775.05,2830.3,505315
2024-07-19T00:00:00+05:30,2801.3,2851.35,2761.0,2792.75,493169
2024-07-22T00:00:00+05:30,2760.0,2864.0,2721.0,2851.2,358664
2024-07-23T00:00:00+05:30,2852.05,2870.0,2746.1,2831.95,368157
2024-07-24T00:00:00+05:30,2830.0,2925.1,2820.55,2899.6,493866
2024-07-25T00:00:00+05:30,2885.0,2962.0,2871.05,2953.15,525815
2024-07-26T00:00:00+05:30,2953.15,2982.0,2903.05,2919.9,230661
2024-07-29T00:00:00+05:30,2919.05,3018.0,2919.0,2997.4,514281
2024-07-30T00:00:00+05:30,3014.0,3122.05,2988.2,3077.65,525062
2024-07-31T00:00:00+05:30,3078.0,3116.0,3051.0,3092.3,225469
2024-08-01T00:00:00+05:30,3083.05,3169.0,3066.05,3088.9,472498
2024-08-02T00:00:00+05:30,3060.0,3129.0,3040.1,3095.95,304664
2024-08-05T00:00:00+05:30,3050.0,3109.8,2940.0,2953.45,565084
2024-08-06T00:00:00+05:30,2966.1,3079.7,2931.0,3022.75,1625957
2024-08-07T00:00:00+05:30,3048.0,3116.7,2995.65,3102.6,469413
2024-08-08T00:00:00+05:30,3133.5,3133.5,3040.05,3055.3,252128
2024-08-09T00:00:00+05:30,3080.0,3146.3,3057.1,3076.35,304475
2024-08-12T00:00:00+05:30,3050.1,3088.45,3000.5,3015.65,404211
2024-08-13T00:00:00+05:30,3015.6,3015.6,2840.0,2847.8,682293
2024-08-14T00:00:00+05:30,2870.0,2898.95,2818.15,2846.65,335907
2024-08-16T00:00:00+05:30,2859.95,2907.0,2845.0,2900.8,240372
2024-08-19T00:00:00+05:30,2900.95,2919.85,2863.8,2874.25,107996
2024-08-20T00:00:00+05:30,2902.95,2902.95,2850.45,2889.55,105519
2024-08-21T00:00:00+05:30,2889.55,2970.0,2889.0,2953.9,216714
2024-08-22T00:00:00+05:30,3000.0,3093.75,2940.1,2951.1,1392991
2024-08-23T00:00:00+05:30,2942.0,2949.15,2783.45,2821.05,862698
2024-08-26T00:00:00+05:30,2828.0,2842.1,2798.35,2819.1,459165
2024-08-27T00:00:00+05:30,2822.8,2903.85,2822.8,2869.65,769076
2024-08-28T00:00:00+05:30,2878.6,2909.55,2835.0,2886.55,389112
2024-08-29T00:00:00+05:30,2885.6,2931.0,2850.0,2882.45,449373
2024-08-30T00:00:00+05:30,2885.0,2917.0,2883.05,2911.05,464194
2024-09-02T00:00:00+05:30,2926.45,2936.0,2890.0,2911.75,297684
2024-09-03T00:00:00+05:30,2924.0,2949.75,2905.0,2933.95,447430
2024-09-04T00:00:00+05:30,2931.6,3021.1,2917.35,2988.7,649944
2024-09-05T00:00:00+05:30,2999.9,3018.45,2971.75,2998.65,262633
2024-09-06T00:00:00+05:30,3004.85,3023.8,2919.0,2929.1,220403
2024-09-09T00:00:00+05:30,2929.1,2952.7,2881.0,2942.6,181018
2024-09-10T00:00:00+05:30,2972.6,2977.75,2942.7,2969.2,139811
2024-09-11T00:00:00+05:30,2987.9,2988.0,2913.2,2919.3,130451
2024-09-12T00:00:00+05:30,2919.3,2951.5,2910.1,2923.05,100273
2024-09-13T00:00:00+05:30,2930.05,2969.25,2923.7,2930.9,97196
2024-09-16T00:00:00+05:30,2929.0,2949.0,2901.65,2923.95,145860
2024-09-17T00:00:00+05:30,2925.0,2945.9,2884.1,2903.2,188324
2024-09-18T00:00:00+05:30,2904.0,2923.8,2869.55,2886.2,277084
2024-09-19T00:00:00+05:30,2906.7,2920.2,2809.8,2824.4,211490
2024-09-20T00:00:00+05:30,2827.95,2879.5,2812.6,2844.1,189228
2024-09-23T00:00:00+05:30,2845.0,2882.9,2835.0,2868.25,105721
2024-09-24T00:00:00+05:30,2880.0,2905.1,2844.95,2861.85,147717
2024-09-25T00:00:00+05:30,2869.0,2881.35,2813.3,2829.35,411566
2024-09-26T00:00:00+05:30,2829.35,2840.95,2782.0,2819.45,199666
2024-09-27T00:00:00+05:30,2830.0,2914.8,2823.5,2896.5,733029
2024-09-30T00:00:00+05:30,2899.0,2937.5,2887.25,2907.1,199147
2024-10-01T00:00:00+05:30,2909.4,2975.0,2901.05,2956.9,413474
2024-10-03T00:00:00+05:30,2940.0,2986.9,2850.1,2888.8,448720
2024-10-04T00:00:00+05:30,2877.9,2923.85,2816.0,2828.5,335238
2024-10-07T00:00:00+05:30,2828.5,2848.5,2750.0,2762.65,349617
2024-10-08T00:00:00+05:30,2762.65,2809.4,2749.75,2790.65,114088
2024-10-09T00:00:00+05:30,2800.0,2825.7,2777.95,2782.3,205128
2024-10-10T00:00:00+05:30,2794.0,2839.2,2768.55,2770.55,203271
2024-10-11T00:00:00+05:30,2784.4,2843.5,2759.5,2829.6,203049
2024-10-14T00:00:00+05:30,2829.6,2855.0,2805.0,2848.25,271138
2024-10-15T00:00:00+05:30,2854.0,2944.0,2835.8,2932.6,478022
2024-10-16T00:00:00+05:30,2932.6,3011.15,2925.0,2999.5,987813
2024-10-17T00:00:00+05:30,2999.0,2999.0,2840.15,2868.75,536081
2024-10-18T00:00:00+05:30,2850.05,2877.9,2820.05,2839.4,213553
2024-10-21T00:00:00+05:30,2840.0,2858.0,2769.25,2776.45,158632
2024-10-22T00:00:00+05:30,2775.0,2793.45,2640.1,2650.8,280923
2024-10-23T00:00:00+05:30,2650.05,2784.45,2640.0,2735.2,342007
2024-10-24T00:00:00+05:30,2735.75,2757.9,2705.0,2717.1,180298
2024-10-25T00:00:00+05:30,2720.05,2726.15,2651.0,2671.4,182605
2024-10-28T00:00:00+05:30,2660.0,2720.0,2647.85,2692.2,126271
2024-10-29T00:00:00+05:30,2699.95,2716.55,2653.1,2707.05,106369
2024-10-30T00:00:00+05:30,2707.05,2744.8,2695.35,2712.15,267922
2024-10-31T00:00:00+05:30,2705.4,2705.4,2611.1,2636.3,309481
2024-11-01T00:00:00+05:30,2664.0,2665.0,2641.05,2646.25,37542
2024-11-04T00:00:00+05:30,2646.25,2658.95,2600.8,2647.65,119501
2024-11-05T00:00:00+05:30,2640.95,2704.5,2623.0,2695.1,156886
2024-11-06T00:00:00+05:30,2715.0,2855.45,2701.9,2846.1,356455
2024-11-07T00:00:00+05:30,2850.0,2885.1,2794.3,2816.0,161430
2024-11-08T00:00:00+05:30,2816.15,2833.8,2670.0,2678.25,200978
2024-11-11T00:00:00+05:30,2677.9,2677.9,2566.05,2622.0,261073
2024-11-12T00:00:00+05:30,2628.0,2654.3,2551.1,2572.9,403641
2024-11-13T00:00:00+05:30,2564.0,2572.2,2475.65,2493.6,545515
2024-11-14T00:00:00+05:30,2453.0,2667.0,2453.0,2638.5,1152662
2024-11-18T00:00:00+05:30,2634.0,2634.0,2511.75,2569.3,688509
2024-11-19T00:00:00+05:30,2579.75,2714.0,2550.0,2671.3,548742
2024-11-21T00:00:00+05:30,2650.0,2675.9,2607.65,2619.2,178368
2024-11-22T00:00:00+05:30,2611.8,2691.25,2605.65,2670.85,336826
2024-11-25T00:00:00+05:30,2705.0,2727.95,2685.0,2696.45,175000
2024-11-26T00:00:00+05:30,2699.85,2727.75,2695.4,2714.9,107505
2024-11-27T00:00:00+05:30,2730.0,2744.65,2699.05,2720.9,117498
2024-11-28T00:00:00+05:30,2711.1,2743.75,2696.05,2706.0,229491
2024-11-29T00:00:00+05:30,2710.2,2739.0,2707.1,2727.25,209005
2024-12-02T00:00:00+05:30,2749.0,2778.0,2715.2,2759.05,158213
2024-12-03T00:00:00+05:30,2765.0,2771.3,2593.25,2627.0,2000610
2024-12-04T00:00:00+05:30,2650.0,2709.5,2640.0,2694.2,461387
2024-12-05T00:00:00+05:30,2714.0,2722.2,2689.65,2709.3,138864
2024-12-06T00:00:00+05:30,2712.7,2727.95,2696.4,2701.8,156480
2024-12-09T00:00:00+05:30,2714.0,2715.45,2661.35,2674.3,111268
2024-12-10T00:00:00+05:30,2686.85,2737.95,2682.05,2729.2,172851
2024-12-10T00:00:00+05:30,2686.85,2737.95,2682.05,2729.2,172851
2024-12-11T00:00:00+05:30,2740.0,2748.8,2725.65,2736.8,85299
2024-12-12T00:00:00+05:30,2728.35,2737.0,2666.15,2679.6,180485
2024-12-13T00:00:00+05:30,2661.0,2685.0,2625.0,2679.85,208877
2024-12-16T00:00:00+05:30,2680.0,2703.9,2664.05,2692.25,100590
2024-12-17T00:00:00+05:30,2692.65,2701.9,2649.8,2662.65,100452
2024-12-18T00:00:00+05:30,2650.0,2672.0,2627.65,2633.4,61201
2024-12-19T00:00:00+05:30,2618.05,2642.9,2595.05,2638.7,92539
2024-12-20T00:00:00+05:30,2656.95,2665.0,2586.2,2596.85,225161
2024-12-23T00:00:00+05:30,2590.0,2626.0,2571.6,2594.8,99057
2024-12-24T00:00:00+05:30,2594.05,2632.6,2580.35,2601.9,81879
2024-12-26T00:00:00+05:30,2601.9,2618.0,2548.35,2571.25,111832
2024-12-27T00:00:00+05:30,2575.0,2605.0,2570.0,2579.75,86248
2024-12-30T00:00:00+05:30,2579.75,2580.0,2506.25,2513.6,175823
2024-12-31T00:00:00+05:30,2502.0,2550.0,2490.0,2494.3,234884
2025-01-01T00:00:00+05:30,2500.0,2516.6,2484.35,2498.05,54938
2025-01-02T00:00:00+05:30,2498.5,2519.0,2477.45,2515.2,73027
2025-01-03T00:00:00+05:30,2515.2,2527.35,2445.0,2452.7,653753
2025-01-06T00:00:00+05:30,2445.0,2468.05,2413.55,2421.0,231747
2025-01-07T00:00:00+05:30,2420.0,2467.85,2416.6,2459.75,147824
2025-01-08T00:00:00+05:30,2456.05,2456.05,2402.0,2436.65,116130
2025-01-09T00:00:00+05:30,2453.8,2509.2,2438.05,2458.5,536319
2025-01-10T00:00:00+05:30,2455.0,2462.1,2403.0,2418.75,196812
2025-01-13T00:00:00+05:30,2380.0,2400.4,2319.0,2327.85,166330
2025-01-14T00:00:00+05:30,2321.35,2374.7,2321.35,2340.85,95029
2025-01-14T00:00:00+05:30,2321.35,2374.7,2321.35,2340.85,95029
2025-01-15T00:00:00+05:30,2358.0,2372.5,2325.5,2361.1,135250
2025-01-16T00:00:00+05:30,2361.1,2385.95,2338.35,2365.9,158998
2025-01-17T00:00:00+05:30,2365.0,2392.0,2340.0,2358.75,83299
2025-01-20T00:00:00+05:30,2365.0,2373.9,2328.0,2360.0,77567
2025-01-21T00:00:00+05:30,2365.0,2405.0,2344.05,2349.2,86692
2025-01-22T00:00:00+05:30,2340.1,2346.65,2270.1,2315.5,109039
2025-01-23T00:00:00+05:30,2311.5,2384.45,2280.0,2369.3,86149
2025-01-24T00:00:00+05:30,2369.3,2376.75,2286.6,2292.55,128968
2025-01-27T00:00:00+05:30,2292.55,2292.55,2209.6,2216.05,145212
2025-01-28T00:00:00+05:30,2232.0,2244.0,2177.9,2193.85,120641
2025-01-29T00:00:00+05:30,2193.85,2282.3,2190.1,2276.85,113914
2025-01-30T00:00:00+05:30,2280.0,2310.0,2237.0,2272.85,189253
2025-01-31T00:00:00+05:30,2271.4,2334.95,2271.4,2325.6,164152
2025-02-01T00:00:00+05:30,2350.0,2357.35,2283.85,2326.0,122487
2025-02-03T00:00:00+05:30,2300.0,2380.75,2283.55,2330.25,223017
2025-02-04T00:00:00+05:30,2341.15,2354.5,2307.15,2342.05,95172
2025-02-05T00:00:00+05:30,2342.05,2366.65,2331.8,2351.55,80112
2025-02-06T00:00:00+05:30,2351.55,2391.9,2345.65,2379.9,323977
2025-02-07T00:00:00+05:30,2393.0,2399.95,2312.8,2350.95,161113
2025-02-10T00:00:00+05:30,2325.0,2355.5,2271.2,2288.35,98355
2025-02-11T00:00:00+05:30,2278.35,2293.8,2200.0,2211.4,95880
2025-02-12T00:00:00+05:30,2211.4,2239.0,2150.0,2203.05,170521
2025-02-13T00:00:00+05:30,2204.0,2257.85,2185.35,2238.25,192219
2025-02-14T00:00:00+05:30,2050.1,2100.0,1872.3,1900.5,5900163
2025-02-17T00:00:00+05:30,1886.0,1949.9,1809.95,1898.5,2185516
2025-02-18T00:00:00+05:30,1902.2,1908.5,1860.65,1899.25,501345
2025-02-19T00:00:00+05:30,1899.25,1938.95,1887.55,1912.85,390086
2025-02-20T00:00:00+05:30,1911.45,1978.0,1901.95,1965.6,681458
2025-02-21T00:00:00+05:30,1974.0,2010.6,1921.25,1932.75,350416
2025-02-24T00:00:00+05:30,1921.55,1963.35,1910.9,1948.45,263976
2025-02-24T00:00:00+05:30,1921.55,1963.35,1910.9,1948.45,263976
2025-02-25T00:00:00+05:30,1958.0,1962.0,1917.05,1923.35,220692
