,Date,Open,High,Low,Close,Volume,20-day MA,20-day Volatility,Signal
0,2022-07-05T00:00:00+05:30,30.05,30.25,29.6,29.7,15961683,,,No Signal
1,2022-07-06T00:00:00+05:30,29.6,30.05,29.55,29.95,14801245,,,No Signal
2,2022-07-07T00:00:00+05:30,30.1,31.1,30.0,31.0,32993224,,,No Signal
3,2022-07-08T00:00:00+05:30,31.1,31.2,30.4,30.65,20754742,,,No Signal
4,2022-07-11T00:00:00+05:30,30.5,31.15,30.5,31.05,20450726,,,No Signal
5,2022-07-12T00:00:00+05:30,30.8,31.2,30.65,30.8,15414252,,,No Signal
6,2022-07-13T00:00:00+05:30,30.8,31.05,30.65,30.8,14450589,,,No Signal
7,2022-07-14T00:00:00+05:30,30.7,30.95,30.1,30.4,16034640,,,No Signal
8,2022-07-15T00:00:00+05:30,30.4,30.55,30.05,30.3,12066316,,,No Signal
9,2022-07-18T00:00:00+05:30,30.5,31.5,30.35,31.35,21452288,,,No Signal
10,2022-07-19T00:00:00+05:30,31.15,31.75,31.1,31.6,25007755,,,No Signal
11,2022-07-20T00:00:00+05:30,31.85,31.95,31.3,31.4,20054939,,,No Signal
12,2022-07-21T00:00:00+05:30,31.35,32.05,31.3,31.85,21957903,,,No Signal
13,2022-07-22T00:00:00+05:30,31.9,32.25,31.7,31.8,20272480,,,No Signal
14,2022-07-25T00:00:00+05:30,31.6,31.8,31.35,31.6,21467611,,,No Signal
15,2022-07-26T00:00:00+05:30,31.5,31.8,31.45,31.6,19540255,,,No Signal
16,2022-07-27T00:00:00+05:30,31.5,32.1,31.5,32.05,22426115,,,No Signal
17,2022-07-28T00:00:00+05:30,32.1,33.45,32.1,32.65,52318624,,,No Signal
18,2022-07-29T00:00:00+05:30,32.2,32.6,31.3,31.35,49918013,,,No Signal
19,2022-08-01T00:00:00+05:30,31.55,33.75,31.35,33.4,70451639,31.264999999999997,0.884828261659619,No Signal
20,2022-08-02T00:00:00+05:30,33.25,34.6,32.95,34.2,64379265,31.49,1.026696285742722,No Signal
21,2022-08-03T00:00:00+05:30,34.1,34.35,33.25,34.0,32197417,31.692500000000003,1.1034962380399977,No Signal
22,2022-08-04T00:00:00+05:30,34.1,34.2,33.0,33.4,36867807,31.8125,1.1535842314054814,No Signal
23,2022-08-05T00:00:00+05:30,33.4,33.9,33.3,33.55,30537805,31.957500000000003,1.1816886890779414,No Signal
24,2022-08-08T00:00:00+05:30,33.45,33.75,33.25,33.35,19966221,32.0725,1.20049057954611,No Signal
25,2022-08-10T00:00:00+05:30,33.4,33.5,32.8,33.0,22039977,32.1825,1.1783435072391415,No Signal
26,2022-08-11T00:00:00+05:30,33.2,33.75,33.15,33.4,21917382,32.3125,1.1610878519733165,No Signal
27,2022-08-12T00:00:00+05:30,33.35,33.55,33.25,33.3,14136849,32.457499999999996,1.0884894168187065,No Signal
28,2022-08-16T00:00:00+05:30,33.4,33.6,33.25,33.55,17662850,32.62,0.9873409265614252,No Signal
29,2022-08-17T00:00:00+05:30,33.55,34.55,33.4,34.45,40928857,32.775,1.0202553859850967,No Signal
30,2022-08-18T00:00:00+05:30,34.3,34.7,34.05,34.15,26006295,32.902499999999996,1.0250128368901021,No Signal
31,2022-08-19T00:00:00+05:30,34.15,34.25,33.2,33.35,28979553,33.0,0.9655922643914735,No Signal
32,2022-08-22T00:00:00+05:30,33.05,33.2,32.35,32.4,24893322,33.027499999999996,0.9385704415142385,Sell
33,2022-08-23T00:00:00+05:30,32.15,33.1,32.15,33.05,25430588,33.09,0.8930432888665002,Sell
34,2022-08-24T00:00:00+05:30,33.05,33.6,32.95,33.55,20306750,33.1875,0.8257173914399147,No Signal
35,2022-08-25T00:00:00+05:30,33.6,36.1,33.55,35.25,111040884,33.37,0.8590692637965942,No Signal
36,2022-08-26T00:00:00+05:30,35.5,36.5,35.45,35.7,62776756,33.5525,0.9470834732288281,No Signal
37,2022-08-29T00:00:00+05:30,34.85,35.4,34.45,35.25,33866438,33.682500000000005,0.9939653440956479,No Signal
38,2022-08-30T00:00:00+05:30,35.65,36.3,35.55,35.85,33802275,33.9075,0.9463607579620713,Sell
39,2022-09-01T00:00:00+05:30,35.45,36.5,35.35,35.8,38417762,34.0275,1.027320864138734,Buy
40,2022-09-02T00:00:00+05:30,36.1,36.15,35.1,35.25,24492975,34.08,1.062816516322756,Buy
41,2022-09-05T00:00:00+05:30,35.25,35.95,35.25,35.7,33300523,34.165,1.122391713215469,Buy
42,2022-09-06T00:00:00+05:30,35.75,37.5,35.65,37.2,92975016,34.355000000000004,1.2945127105960597,Buy
43,2022-09-07T00:00:00+05:30,36.9,37.95,36.8,37.6,48252928,34.5575,1.4672095785430395,Buy
44,2022-09-08T00:00:00+05:30,37.95,38.5,37.75,38.35,51622087,34.807500000000005,1.6634835832009196,Buy
45,2022-09-09T00:00:00+05:30,38.5,39.6,38.5,39.0,65772741,35.1075,1.8508372927436254,Buy
46,2022-09-12T00:00:00+05:30,39.4,40.3,39.05,40.1,61433298,35.442499999999995,2.113258583823876,Buy
47,2022-09-13T00:00:00+05:30,40.25,40.8,39.45,39.55,67580415,35.755,2.238179476364906,Buy
48,2022-09-14T00:00:00+05:30,38.8,40.4,38.7,40.1,65747229,36.0825,2.373664444426987,Buy
49,2022-09-15T00:00:00+05:30,40.35,40.7,39.85,40.45,50600851,36.3825,2.5304604844094944,Buy
50,2022-09-16T00:00:00+05:30,40.4,40.6,38.9,39.65,59723569,36.6575,2.5735637282099577,Buy
51,2022-09-19T00:00:00+05:30,39.85,41.35,39.65,40.4,83679437,37.010000000000005,2.579504236333642,Buy
52,2022-09-20T00:00:00+05:30,40.8,41.65,40.15,40.65,85094097,37.4225,2.460395507358854,Buy
53,2022-09-21T00:00:00+05:30,40.7,41.1,39.7,40.15,46197520,37.777499999999996,2.3035141917468205,Buy
54,2022-09-22T00:00:00+05:30,40.0,41.2,39.85,40.5,76918931,38.125,2.1514071282718703,Buy
55,2022-09-23T00:00:00+05:30,40.45,40.6,38.0,38.15,69509404,38.269999999999996,2.042405702261833,Sell
56,2022-09-26T00:00:00+05:30,37.85,37.85,35.8,36.0,65854064,38.285,2.0235521139557564,Sell
57,2022-09-27T00:00:00+05:30,36.3,37.05,36.1,36.7,41274259,38.3575,1.9330419850043479,Sell
58,2022-09-28T00:00:00+05:30,36.3,36.3,34.55,34.85,85179230,38.307500000000005,2.012609918541246,Sell
59,2022-09-29T00:00:00+05:30,35.25,35.75,34.25,34.9,116836175,38.2625,2.08054111129522,Sell
60,2022-09-30T00:00:00+05:30,35.6,36.8,35.0,36.55,90358446,38.3275,2.0002286053559692,Sell
61,2022-10-03T00:00:00+05:30,36.6,36.75,35.35,35.45,47921398,38.315000000000005,2.018213123167717,Sell
62,2022-10-04T00:00:00+05:30,36.35,36.65,36.15,36.45,38310668,38.277499999999996,2.046786634291876,Sell
63,2022-10-06T00:00:00+05:30,36.85,37.0,36.45,36.65,27440310,38.230000000000004,2.0741770720736126,Sell
64,2022-10-07T00:00:00+05:30,36.5,36.9,36.1,36.65,28685591,38.144999999999996,2.1036246913613983,Sell
65,2022-10-10T00:00:00+05:30,36.15,37.0,36.1,36.55,32743711,38.022499999999994,2.122465981377637,Sell
66,2022-10-11T00:00:00+05:30,36.75,36.8,35.6,35.7,35421906,37.8025,2.1238293989371044,Sell
67,2022-10-12T00:00:00+05:30,35.85,36.45,35.6,36.3,36181753,37.64,2.1073555391582883,Sell
68,2022-10-13T00:00:00+05:30,36.4,36.45,35.45,35.9,30725901,37.42999999999999,2.0580010741135917,Sell
69,2022-10-14T00:00:00+05:30,36.65,36.8,35.75,35.85,26019858,37.2,1.9573074954076604,Sell
70,2022-10-17T00:00:00+05:30,35.85,37.25,35.5,36.9,42446412,37.0625,1.870819901878109,Sell
71,2022-10-18T00:00:00+05:30,37.2,39.1,37.05,38.85,93841386,36.985,1.753725358081763,Sell
72,2022-10-19T00:00:00+05:30,39.0,40.1,38.65,39.35,104076707,36.92,1.6304987935566022,Sell
73,2022-10-20T00:00:00+05:30,39.1,40.75,38.6,40.5,121045205,36.9375,1.6684277975955495,Sell
74,2022-10-21T00:00:00+05:30,40.5,41.8,40.4,40.75,113793766,36.95,1.697211335040376,Sell
75,2022-10-24T00:00:00+05:30,41.35,41.6,40.9,41.1,17139171,37.097500000000004,1.9204902745749333,Sell
76,2022-10-25T00:00:00+05:30,41.2,44.0,40.5,43.3,169557128,37.4625,2.347219799991841,Buy
77,2022-10-27T00:00:00+05:30,43.5,43.6,42.55,43.0,96344497,37.777499999999996,2.6435360589061183,Buy
78,2022-10-28T00:00:00+05:30,43.3,44.8,42.7,43.1,118343928,38.19,2.801625468037787,Buy
79,2022-10-31T00:00:00+05:30,43.6,43.75,41.75,42.65,82200315,38.5775,2.8580208002631644,Buy
80,2022-11-01T00:00:00+05:30,43.2,43.6,39.9,40.1,146104059,38.755,2.8356239450771312,Buy
81,2022-11-02T00:00:00+05:30,39.95,40.0,39.0,39.25,64967566,38.945,2.727776229439431,Buy
82,2022-11-03T00:00:00+05:30,39.0,41.6,38.9,41.3,104213200,39.1875,2.709820104730214,Buy
83,2022-11-04T00:00:00+05:30,41.75,42.15,41.35,41.8,61157116,39.445,2.70067730296252,Buy
84,2022-11-07T00:00:00+05:30,42.9,43.55,41.65,41.85,109569157,39.705,2.667538782828623,Buy
85,2022-11-09T00:00:00+05:30,42.6,46.0,42.1,44.95,299237283,40.125,2.8025129700624927,Buy
86,2022-11-10T00:00:00+05:30,45.0,45.15,43.55,44.05,97482717,40.542500000000004,2.729626685483811,Buy
87,2022-11-11T00:00:00+05:30,45.05,45.2,44.1,44.75,76460672,40.965,2.692098574874661,Buy
88,2022-11-14T00:00:00+05:30,44.9,44.95,43.7,43.95,39227144,41.3675,2.4890959572122973,Buy
89,2022-11-15T00:00:00+05:30,44.2,44.3,43.6,43.95,38496950,41.7725,2.184423023905512,Sell
90,2022-11-16T00:00:00+05:30,43.95,44.95,43.85,44.15,60701363,42.135000000000005,1.9186823878024308,Sell
91,2022-11-17T00:00:00+05:30,44.15,44.75,43.35,44.3,71832109,42.4075,1.8116054961509396,Sell
92,2022-11-18T00:00:00+05:30,44.35,46.7,44.15,45.85,172388902,42.7325,1.8172618934742912,Sell
93,2022-11-21T00:00:00+05:30,45.8,47.8,45.55,47.6,172429142,43.0875,2.038244536230569,Sell
94,2022-11-22T00:00:00+05:30,47.85,48.4,47.0,48.2,123294654,43.46,2.2575370836844764,Sell
95,2022-11-23T00:00:00+05:30,48.55,50.9,48.3,50.35,252127512,43.9225,2.6602075008105106,Buy
96,2022-11-24T00:00:00+05:30,50.55,51.2,50.3,50.85,104100912,44.3,3.0711732714319413,Buy
97,2022-11-25T00:00:00+05:30,51.5,55.65,51.25,53.6,374640437,44.83,3.687760695512725,Buy
98,2022-11-28T00:00:00+05:30,54.35,54.35,52.7,53.4,124868210,45.345,4.126547556595244,Buy
99,2022-11-29T00:00:00+05:30,53.45,54.1,52.15,52.5,110065297,45.8375,4.368664585792546,Buy
100,2022-11-30T00:00:00+05:30,52.5,52.9,50.9,51.3,72720109,46.3975,4.3119623997481895,Buy
101,2022-12-01T00:00:00+05:30,51.75,53.6,51.3,53.25,106574061,47.097500000000004,4.226092976036533,Buy
102,2022-12-02T00:00:00+05:30,53.3,54.25,52.75,54.0,96805263,47.7325,4.263099780305659,Buy
103,2022-12-05T00:00:00+05:30,54.3,55.35,53.8,55.15,99625202,48.4,4.329944693946058,Buy
104,2022-12-06T00:00:00+05:30,55.15,57.35,54.6,55.45,225788957,49.08,4.31504101340514,Buy
105,2022-12-07T00:00:00+05:30,55.8,56.35,54.05,55.45,111727828,49.605000000000004,4.4234988533132,Buy
106,2022-12-08T00:00:00+05:30,55.7,57.95,55.45,57.7,150747906,50.2875,4.571849648722752,Buy
107,2022-12-09T00:00:00+05:30,58.5,59.4,55.0,56.25,242963994,50.8625,4.561909658996124,Buy
108,2022-12-12T00:00:00+05:30,56.75,58.55,56.25,58.1,128811667,51.57000000000001,4.530580304413207,Buy
109,2022-12-13T00:00:00+05:30,58.8,60.1,58.4,59.9,148786072,52.36749999999999,4.522466577805573,Buy
110,2022-12-14T00:00:00+05:30,60.45,60.65,58.2,59.25,175015067,53.1225,4.334939901240668,Buy
111,2022-12-15T00:00:00+05:30,59.25,62.0,58.9,59.3,229792612,53.8725,4.0139059268340755,Buy
112,2022-12-16T00:00:00+05:30,59.3,60.0,56.45,56.75,150591766,54.4175,3.5842959743273144,Sell
113,2022-12-19T00:00:00+05:30,57.05,57.3,55.6,56.05,85804569,54.839999999999996,3.217656878766556,Sell
114,2022-12-20T00:00:00+05:30,55.95,56.25,54.3,55.55,88041297,55.207499999999996,2.8137479687383165,Sell
115,2022-12-21T00:00:00+05:30,56.0,57.1,52.55,53.15,154351102,55.347500000000004,2.6224975540603825,Sell
116,2022-12-22T00:00:00+05:30,53.9,55.2,52.6,53.75,193754919,55.49249999999999,2.434147154224886,Sell
117,2022-12-23T00:00:00+05:30,53.3,53.45,49.3,49.7,173996974,55.2975,2.7317564717691596,Sell
118,2022-12-26T00:00:00+05:30,49.7,53.95,49.15,53.5,169991366,55.302499999999995,2.7281898278606205,Sell
119,2022-12-27T00:00:00+05:30,54.6,55.55,53.3,54.2,124303380,55.3875,2.661957876609275,Sell
120,2022-12-28T00:00:00+05:30,54.15,55.85,53.4,54.9,125697410,55.567499999999995,2.4869805725861847,Sell
121,2022-12-29T00:00:00+05:30,54.45,55.9,53.45,55.4,130252482,55.675,2.4272845993652745,Sell
122,2022-12-30T00:00:00+05:30,56.0,57.3,55.8,56.45,115251538,55.7975,2.3999712169326775,Sell
123,2023-01-02T00:00:00+05:30,56.8,57.6,56.35,57.15,72924744,55.8975,2.413202447502412,Sell
124,2023-01-03T00:00:00+05:30,57.45,58.3,57.15,57.8,78566820,56.015,2.4472379704905243,Sell
125,2023-01-04T00:00:00+05:30,58.1,58.35,55.7,56.25,96809213,56.05499999999999,2.4440529324959717,Sell
126,2023-01-05T00:00:00+05:30,56.7,57.15,55.45,56.75,82173647,56.00749999999999,2.419508160110678,Sell
127,2023-01-06T00:00:00+05:30,57.0,57.6,56.0,56.4,88223106,56.015,2.4205316945271713,Sell
128,2023-01-09T00:00:00+05:30,57.0,57.75,56.75,57.1,56732510,55.964999999999996,2.3852672806207806,Sell
129,2023-01-10T00:00:00+05:30,56.9,56.95,54.65,55.1,82014187,55.725,2.2030182644917558,Sell
130,2023-01-11T00:00:00+05:30,55.3,56.6,54.6,56.4,75395366,55.582499999999996,2.049857183728727,Sell
131,2023-01-12T00:00:00+05:30,56.4,56.5,55.3,55.85,58123134,55.410000000000004,1.8566098136119131,Sell
132,2023-01-13T00:00:00+05:30,56.0,57.4,55.7,56.8,98864358,55.4125,1.8585418024836058,Sell
133,2023-01-16T00:00:00+05:30,56.95,59.45,56.8,58.9,166603280,55.55500000000001,2.012846897202817,Sell
134,2023-01-17T00:00:00+05:30,59.2,59.45,56.75,57.75,116738590,55.665000000000006,2.0718095319894068,Sell
135,2023-01-18T00:00:00+05:30,57.85,58.0,56.45,56.75,68557704,55.845000000000006,1.9968330188734398,Sell
136,2023-01-19T00:00:00+05:30,56.7,57.35,56.2,57.2,59090340,56.0175,1.9549044262545239,Sell
137,2023-01-20T00:00:00+05:30,57.45,58.1,56.75,56.95,60893155,56.379999999999995,1.2761372636944373,Sell
138,2023-01-23T00:00:00+05:30,57.25,57.5,56.6,56.8,48030932,56.544999999999995,1.0828689963046978,Sell
139,2023-01-24T00:00:00+05:30,57.0,57.35,55.3,55.5,51548951,56.60999999999999,0.9675797260773077,Sell
140,2023-01-25T00:00:00+05:30,55.45,55.55,53.15,53.7,83514024,56.55,1.1064404757219606,Sell
141,2023-01-27T00:00:00+05:30,53.75,54.35,50.05,50.8,111244364,56.31999999999999,1.6849488513242774,Sell
142,2023-01-30T00:00:00+05:30,51.1,53.25,49.1,50.7,148179904,56.03249999999999,2.100831602259612,Sell
143,2023-01-31T00:00:00+05:30,51.0,54.0,50.55,53.55,114490184,55.8525,2.15360621675416,Sell
144,2023-02-01T00:00:00+05:30,54.25,54.4,48.3,50.3,159606635,55.477500000000006,2.431670153791869,Sell
145,2023-02-02T00:00:00+05:30,50.0,52.25,48.6,50.8,121217105,55.205000000000005,2.637228409563836,Sell
146,2023-02-03T00:00:00+05:30,51.25,52.3,49.2,51.8,114130816,54.9575,2.7157084468736943,Sell
147,2023-02-06T00:00:00+05:30,51.9,52.3,51.1,51.4,57725878,54.7075,2.804614383851254,Sell
148,2023-02-07T00:00:00+05:30,51.55,52.1,50.7,51.3,54786770,54.417500000000004,2.843796341438508,Sell
149,2023-02-08T00:00:00+05:30,51.65,52.0,51.15,51.6,43092026,54.24249999999999,2.9065839508188978,Sell
150,2023-02-09T00:00:00+05:30,51.55,51.55,50.35,51.0,48710526,53.972500000000004,2.9461605255154315,Sell
151,2023-02-10T00:00:00+05:30,50.8,52.65,50.55,51.25,56528450,53.74249999999999,2.971322362004411,Sell
152,2023-02-13T00:00:00+05:30,51.4,51.6,49.8,50.2,53678758,53.4125,2.9803688839153173,Sell
153,2023-02-14T00:00:00+05:30,50.4,51.15,49.5,50.8,44481427,53.00750000000001,2.7357417448905808,Sell
154,2023-02-15T00:00:00+05:30,50.45,51.05,50.25,50.9,26711967,52.665,2.5319588838434584,Sell
155,2023-02-16T00:00:00+05:30,50.95,51.25,50.4,50.8,25514798,52.36749999999999,2.371168654793206,Sell
156,2023-02-17T00:00:00+05:30,50.55,50.55,49.5,49.7,37386646,51.99249999999999,2.1493741439140983,Sell
157,2023-02-20T00:00:00+05:30,49.75,50.5,49.3,49.5,52556924,51.620000000000005,1.8727547961001043,Sell
158,2023-02-21T00:00:00+05:30,49.7,50.0,48.8,49.05,51854291,51.232499999999995,1.5114714858811409,Sell
159,2023-02-22T00:00:00+05:30,48.75,49.05,47.5,47.8,50161602,50.8475,1.3379555299038048,Sell
160,2023-02-23T00:00:00+05:30,48.0,48.6,47.25,48.25,59329147,50.575,1.2801624074600289,Sell
161,2023-02-24T00:00:00+05:30,48.6,49.15,47.35,47.55,43992957,50.4125,1.4456718525527612,Sell
162,2023-02-27T00:00:00+05:30,47.5,48.3,47.2,48.1,60479465,50.2825,1.5327370598824237,Sell
163,2023-02-28T00:00:00+05:30,48.25,48.6,47.65,48.35,45553040,50.022499999999994,1.3830244317970461,Sell
164,2023-03-01T00:00:00+05:30,48.35,50.95,48.2,50.15,54733648,50.015,1.3818465906171256,Sell
165,2023-03-02T00:00:00+05:30,50.15,50.25,49.4,49.75,39689768,49.96249999999999,1.3703509923028616,Sell
166,2023-03-03T00:00:00+05:30,50.15,51.9,50.35,51.8,75446438,49.9625,1.3703509923028616,Sell
167,2023-03-06T00:00:00+05:30,52.05,52.45,51.15,51.4,47293624,49.9625,1.3703509923028616,Sell
168,2023-03-08T00:00:00+05:30,51.0,51.65,50.65,51.5,37122427,49.972500000000004,1.381310876248457,Sell
169,2023-03-09T00:00:00+05:30,51.5,51.75,50.7,50.9,26772618,49.9375,1.346327851680526,Sell
170,2023-03-10T00:00:00+05:30,50.45,50.45,49.35,49.9,32654499,49.8825,1.3229030079417108,Sell
171,2023-03-13T00:00:00+05:30,49.9,50.25,48.0,48.15,44250968,49.727500000000006,1.335790225415638,Sell
172,2023-03-14T00:00:00+05:30,48.2,48.85,47.6,48.15,57868350,49.625,1.3756816492198223,Sell
173,2023-03-15T00:00:00+05:30,48.85,49.05,47.4,47.7,39104189,49.47,1.4105243519232797,Sell
174,2023-03-16T00:00:00+05:30,47.7,48.45,46.8,48.0,56323369,49.325,1.4048318873015064,Sell
175,2023-03-17T00:00:00+05:30,48.5,48.75,47.5,47.95,43986151,49.1825,1.3918252877351773,Sell
176,2023-03-20T00:00:00+05:30,47.85,48.0,46.1,47.0,50988548,49.0475,1.4678551305257226,Sell
177,2023-03-21T00:00:00+05:30,47.4,48.05,46.85,47.75,40732859,48.96,1.491431668247925,Sell
178,2023-03-22T00:00:00+05:30,47.95,48.35,47.7,47.85,28625484,48.9,1.5116216457831486,Sell
179,2023-03-23T00:00:00+05:30,47.65,47.9,46.7,46.85,30600272,48.852500000000006,1.562089946193929,Sell
180,2023-03-24T00:00:00+05:30,47.0,47.15,45.1,45.5,41467829,48.715,1.7299300259654982,Sell
181,2023-03-27T00:00:00+05:30,45.5,46.0,45.0,45.55,42301190,48.614999999999995,1.8541631677475752,Sell
182,2023-03-28T00:00:00+05:30,45.55,45.75,44.4,44.9,38256039,48.455,2.0306143742331386,Sell
183,2023-03-29T00:00:00+05:30,44.9,46.65,44.6,46.3,49189927,48.352500000000006,2.087145809851118,Sell
184,2023-03-31T00:00:00+05:30,46.7,47.05,46.5,46.55,32404179,48.1725,2.079187277962769,Sell
185,2023-04-03T00:00:00+05:30,46.85,47.45,46.6,47.35,20022830,48.0525,2.0524359724611996,Sell
186,2023-04-05T00:00:00+05:30,47.35,47.45,46.45,46.7,24871716,47.7975,1.8711434021953146,Sell
187,2023-04-06T00:00:00+05:30,46.7,47.8,46.45,47.2,33986544,47.5875,1.6704770040478665,Sell
188,2023-04-10T00:00:00+05:30,47.2,47.45,46.8,47.05,20722738,47.364999999999995,1.3956794233031007,Sell
189,2023-04-11T00:00:00+05:30,47.65,48.1,47.15,47.25,36611918,47.1825,1.1206524180607265,Sell
190,2023-04-12T00:00:00+05:30,47.55,47.55,46.9,47.05,24087116,47.040000000000006,0.9201830481514797,Sell
191,2023-04-13T00:00:00+05:30,47.1,47.95,46.8,47.75,32579731,47.019999999999996,0.8988882021698164,Sell
192,2023-04-17T00:00:00+05:30,47.65,48.95,47.35,48.8,45264411,47.052499999999995,0.9520718405003744,Sell
193,2023-04-18T00:00:00+05:30,48.85,49.5,48.6,49.1,35879320,47.1225,1.0487429819099403,Sell
194,2023-04-19T00:00:00+05:30,49.0,49.65,48.4,48.55,30533207,47.15,1.0797173119313694,Sell
195,2023-04-20T00:00:00+05:30,48.6,48.85,48.3,48.6,23270578,47.1825,1.1142940885554256,Sell
196,2023-04-21T00:00:00+05:30,48.5,48.6,47.8,48.25,20293450,47.245,1.138315930616291,Sell
197,2023-04-24T00:00:00+05:30,48.5,49.35,48.25,49.25,31327255,47.32,1.2198360545581934,Sell
198,2023-04-25T00:00:00+05:30,49.5,50.1,49.3,49.8,31449334,47.4175,1.3367552033503793,Sell
199,2023-04-26T00:00:00+05:30,49.7,50.5,49.3,50.25,30000936,47.5875,1.4703092227577257,Buy
200,2023-04-27T00:00:00+05:30,50.25,50.55,50.0,50.4,27678355,47.832499999999996,1.5118196599497735,Buy
201,2023-04-28T00:00:00+05:30,50.6,52.5,50.5,52.25,58579598,48.167500000000004,1.7088989222057356,Buy
202,2023-05-02T00:00:00+05:30,52.55,53.1,52.4,52.75,31570025,48.56,1.816995785413569,Buy
203,2023-05-03T00:00:00+05:30,51.95,52.95,51.8,52.55,30999962,48.872499999999995,1.9410709876116123,Buy
204,2023-05-04T00:00:00+05:30,52.75,53.5,52.5,53.35,31540665,49.2125,2.1017458281904475,Buy
205,2023-05-05T00:00:00+05:30,53.35,53.85,52.2,52.35,41383424,49.4625,2.1649647499257862,Buy
206,2023-05-08T00:00:00+05:30,51.5,52.7,50.6,52.1,64119087,49.7325,2.1388803637713107,Buy
207,2023-05-09T00:00:00+05:30,52.45,52.55,50.05,50.25,51516931,49.885000000000005,2.055934926269024,Buy
208,2023-05-10T00:00:00+05:30,49.65,50.0,47.9,48.5,94616408,49.9575,1.9746601972838336,Sell
209,2023-05-11T00:00:00+05:30,48.8,49.25,48.4,48.5,44557782,50.02,1.9029340226968012,Sell
210,2023-05-12T00:00:00+05:30,48.5,48.8,48.05,48.55,20165979,50.095,1.806850997264572,Sell
211,2023-05-15T00:00:00+05:30,48.5,49.1,48.25,48.95,22303027,50.154999999999994,1.7437029563547202,Sell
212,2023-05-16T00:00:00+05:30,49.3,49.85,48.8,49.0,34288935,50.165,1.7360799763290622,Sell
213,2023-05-17T00:00:00+05:30,49.15,49.5,48.5,49.3,31020370,50.175,1.7301886115620861,Sell
214,2023-05-18T00:00:00+05:30,49.6,49.7,48.35,48.45,32314683,50.17,1.7352688249193648,Sell
215,2023-05-19T00:00:00+05:30,48.85,49.6,48.35,49.25,46965076,50.2025,1.7102227463419655,Sell
216,2023-05-22T00:00:00+05:30,49.85,50.75,49.7,50.55,59690876,50.3175,1.648226718564429,Sell
217,2023-05-23T00:00:00+05:30,50.75,50.95,50.3,50.6,30905073,50.385000000000005,1.629748123904002,Sell
218,2023-05-24T00:00:00+05:30,50.25,50.8,49.8,49.9,25931404,50.39,1.6280113797611402,Sell
219,2023-05-25T00:00:00+05:30,50.05,50.05,49.35,49.65,27256728,50.36,1.6362344446609505,Sell
220,2023-05-26T00:00:00+05:30,49.75,50.5,49.7,50.35,24170849,50.3575,1.6362083093479078,Sell
221,2023-05-29T00:00:00+05:30,50.65,51.35,50.3,50.8,33668195,50.285,1.5790653464696272,Sell
222,2023-05-30T00:00:00+05:30,50.8,51.55,50.65,51.45,31271579,50.22,1.4968739355562173,Sell
223,2023-05-31T00:00:00+05:30,51.4,51.95,50.9,51.85,36101259,50.185,1.4468750355235394,Sell
224,2023-06-01T00:00:00+05:30,51.85,52.25,51.55,51.7,29135650,50.1025,1.2960948430209303,Sell
225,2023-06-02T00:00:00+05:30,51.8,52.5,51.8,52.3,25135897,50.1,1.2915718697529102,Sell
226,2023-06-05T00:00:00+05:30,52.55,52.8,52.0,52.15,19034598,50.102500000000006,1.2956887012421239,Sell
227,2023-06-06T00:00:00+05:30,52.35,52.35,51.55,52.05,18736434,50.192499999999995,1.3670247177529589,Sell
228,2023-06-07T00:00:00+05:30,52.15,52.45,52.05,52.35,16129252,50.385,1.3870737847031507,Sell
229,2023-06-08T00:00:00+05:30,52.45,52.65,51.75,51.95,31319973,50.557500000000005,1.3544541530195038,Sell
230,2023-06-09T00:00:00+05:30,52.15,52.2,51.2,51.35,20964121,50.697500000000005,1.278617160101283,Sell
231,2023-06-12T00:00:00+05:30,51.4,51.85,50.95,51.55,17394733,50.8275,1.2225378048186233,Sell
232,2023-06-13T00:00:00+05:30,51.9,52.2,51.55,52.0,17963382,50.9775,1.1693987433945914,Sell
233,2023-06-14T00:00:00+05:30,52.2,52.3,51.65,51.8,16336696,51.1025,1.1128998394427954,Sell
234,2023-06-15T00:00:00+05:30,51.8,52.05,50.2,50.4,33888122,51.199999999999996,0.9403246919633739,Sell
235,2023-06-16T00:00:00+05:30,50.7,52.4,50.55,51.25,96549559,51.3,0.8207826816682615,Sell
236,2023-06-19T00:00:00+05:30,51.35,52.5,51.25,51.9,33795526,51.36749999999999,0.8113139116014976,Sell
237,2023-06-20T00:00:00+05:30,51.85,52.25,51.45,52.0,23099625,51.4375,0.801950746617415,Sell
238,2023-06-21T00:00:00+05:30,52.05,53.25,51.8,52.9,52433904,51.5875,0.7794861667860162,Sell
239,2023-06-22T00:00:00+05:30,53.15,53.15,50.8,51.15,52809621,51.6625,0.6435663381339791,Sell
240,2023-06-23T00:00:00+05:30,50.8,50.9,50.2,50.4,27918872,51.665,0.6382748129468508,Sell
241,2023-06-26T00:00:00+05:30,50.55,50.55,49.75,50.4,23254650,51.645,0.6721724402814473,Sell
242,2023-06-27T00:00:00+05:30,50.55,51.0,50.4,50.9,19293309,51.61749999999999,0.6915419460583181,Sell
243,2023-06-28T00:00:00+05:30,50.9,51.1,50.3,50.6,38198561,51.55499999999999,0.7250952750466421,Sell
244,2023-06-30T00:00:00+05:30,50.55,51.75,50.55,51.65,29398854,51.552499999999995,0.7246550903707422,Sell
245,2023-07-03T00:00:00+05:30,52.0,54.0,52.0,53.9,67977017,51.63249999999999,0.8826209474300596,Sell
246,2023-07-04T00:00:00+05:30,54.1,57.6,53.75,57.35,176811562,51.8925,1.553796284825356,Buy
247,2023-07-05T00:00:00+05:30,57.35,59.1,56.85,58.55,140814584,52.217499999999994,2.1527995848735704,Buy
248,2023-07-06T00:00:00+05:30,58.35,59.75,58.0,58.9,75097354,52.545,2.621264259053199,Buy
249,2023-07-07T00:00:00+05:30,58.9,61.0,57.55,60.5,101090392,52.972500000000004,3.1607991577747745,Buy
250,2023-07-10T00:00:00+05:30,61.0,62.35,60.1,60.45,101983222,53.427499999999995,3.5464019943124643,Buy
251,2023-07-11T00:00:00+05:30,60.75,61.05,60.15,60.4,41237671,53.86999999999999,3.8397985144508846,Buy
252,2023-07-12T00:00:00+05:30,60.6,61.7,60.55,61.35,51535438,54.3375,4.15628487322136,Buy
253,2023-07-13T00:00:00+05:30,61.8,62.2,58.3,59.35,97748175,54.714999999999996,4.255371218886387,Buy
254,2023-07-14T00:00:00+05:30,60.0,60.95,59.15,60.95,49872736,55.24249999999999,4.345271931409476,Buy
255,2023-07-17T00:00:00+05:30,60.8,62.6,60.4,62.6,60415800,55.80999999999999,4.533489419397577,Buy
256,2023-07-18T00:00:00+05:30,62.9,63.25,61.3,61.75,96303891,56.30250000000001,4.620562593906811,Buy
257,2023-07-19T00:00:00+05:30,61.85,64.5,61.6,64.25,103660790,56.915000000000006,4.827500715473283,Buy
258,2023-07-20T00:00:00+05:30,64.3,65.15,63.6,63.75,97098882,57.4575,4.960376550859432,Buy
259,2023-07-21T00:00:00+05:30,63.8,64.25,62.35,62.7,55850335,58.03499999999999,4.858689990218861,Buy
260,2023-07-24T00:00:00+05:30,63.1,63.8,61.95,62.05,55661470,58.61749999999999,4.585855685520573,Buy
261,2023-07-25T00:00:00+05:30,62.45,63.0,60.6,60.7,60898662,59.13249999999999,4.174334961214944,Buy
262,2023-07-26T00:00:00+05:30,61.0,63.75,60.2,63.2,165562761,59.7475,3.7855846729124667,Buy
263,2023-07-27T00:00:00+05:30,63.8,63.8,62.1,62.45,94436297,60.339999999999996,3.1530102575492585,Sell
264,2023-07-28T00:00:00+05:30,62.5,62.85,61.5,61.85,51477877,60.85,2.411049127400176,Sell
265,2023-07-31T00:00:00+05:30,62.0,62.5,61.7,61.85,36907191,61.2475,1.776859663326903,Sell
266,2023-08-01T00:00:00+05:30,62.0,62.2,61.05,61.35,30515684,61.447500000000005,1.5218993500160398,Sell
267,2023-08-02T00:00:00+05:30,61.25,61.4,58.6,59.6,73902522,61.500000000000014,1.432149654044312,Sell
268,2023-08-03T00:00:00+05:30,59.6,60.0,58.75,59.45,48065544,61.527499999999996,1.3840705602640955,Sell
269,2023-08-04T00:00:00+05:30,59.7,60.6,59.3,59.9,42539372,61.4975,1.4136994208925295,Sell
270,2023-08-07T00:00:00+05:30,60.1,61.0,59.9,60.6,31777041,61.504999999999995,1.40823704643347,Sell
271,2023-08-08T00:00:00+05:30,60.45,62.35,60.3,62.15,62732608,61.59250000000001,1.3902172302804743,Sell
272,2023-08-09T00:00:00+05:30,62.15,62.2,60.9,61.5,50728586,61.6,1.3892443989450858,Sell
273,2023-08-10T00:00:00+05:30,61.55,62.1,60.7,61.15,53935203,61.69000000000001,1.2906138890181706,Sell
274,2023-08-11T00:00:00+05:30,61.35,63.2,61.15,62.45,63651489,61.765,1.2889306052939573,Sell
275,2023-08-14T00:00:00+05:30,62.55,62.55,60.6,62.2,38789678,61.74499999999999,1.2783521465255987,Sell
276,2023-08-16T00:00:00+05:30,61.9,62.3,61.55,61.6,32643663,61.73750000000001,1.2787612221044964,Sell
277,2023-08-17T00:00:00+05:30,61.55,63.9,61.55,63.25,86214356,61.6875,1.1919549399820704,Sell
278,2023-08-18T00:00:00+05:30,63.65,64.0,62.45,62.45,51669444,61.62249999999999,1.1059022275239343,Sell
279,2023-08-21T00:00:00+05:30,63.0,63.05,62.15,62.25,22072426,61.6,1.087246643203919,Sell
280,2023-08-22T00:00:00+05:30,62.35,62.7,62.3,62.4,16012328,61.61749999999999,1.0976380143410716,Sell
281,2023-08-23T00:00:00+05:30,62.5,63.7,62.45,63.35,35357654,61.75,1.1401754250992646,Sell
282,2023-08-24T00:00:00+05:30,63.65,64.2,62.45,62.8,40309804,61.730000000000004,1.1166679759092857,Sell
283,2023-08-25T00:00:00+05:30,62.45,62.5,61.15,61.3,43921938,61.6725,1.1072102210892483,Sell
284,2023-08-28T00:00:00+05:30,61.75,63.25,61.4,62.5,51477249,61.705000000000005,1.1221337756821181,Sell
285,2023-08-29T00:00:00+05:30,62.7,63.1,62.5,62.9,22542579,61.75749999999999,1.1534017194005206,Sell
286,2023-08-30T00:00:00+05:30,62.95,63.85,62.95,63.3,36582821,61.855000000000004,1.198672511353275,Sell
287,2023-08-31T00:00:00+05:30,63.55,63.7,62.6,62.95,47060676,62.022499999999994,1.0967025936632253,Sell
288,2023-09-01T00:00:00+05:30,63.05,66.2,62.5,65.4,120297728,62.32000000000001,1.1669122548532007,Sell
289,2023-09-04T00:00:00+05:30,66.05,67.8,65.7,67.4,78454936,62.69500000000001,1.5045457436505858,Buy
290,2023-09-05T00:00:00+05:30,67.9,68.6,66.65,67.35,70525265,63.032500000000006,1.7473494965684828,Buy
291,2023-09-06T00:00:00+05:30,67.35,67.5,65.5,65.7,57072136,63.21,1.8312779546995723,Buy
292,2023-09-07T00:00:00+05:30,65.85,67.15,65.7,66.6,39914471,63.464999999999996,1.9328939307082098,Buy
293,2023-09-08T00:00:00+05:30,67.0,67.3,66.25,66.85,38692009,63.75,1.9928820706124624,Buy
294,2023-09-11T00:00:00+05:30,67.2,69.5,67.0,69.15,97021497,64.08500000000001,2.302007133374144,Buy
295,2023-09-12T00:00:00+05:30,69.5,69.8,66.25,66.85,106038890,64.31750000000001,2.336172927539524,Buy
296,2023-09-13T00:00:00+05:30,66.8,73.1,66.3,72.55,196952754,64.865,2.88453681404469,Buy
297,2023-09-14T00:00:00+05:30,73.0,74.2,71.85,73.7,110388816,65.3875,3.4647045518455193,Buy
298,2023-09-15T00:00:00+05:30,74.0,74.85,72.9,74.15,85659070,65.9725,3.90268042166974,Buy
299,2023-09-18T00:00:00+05:30,74.15,79.05,73.8,76.9,196740035,66.70500000000001,4.496838070420037,Buy
300,2023-09-20T00:00:00+05:30,76.8,77.7,75.3,76.45,87014740,67.4075,4.870811966246114,Buy
301,2023-09-21T00:00:00+05:30,76.85,78.3,74.55,75.0,82446210,67.99000000000001,5.053232420415355,Buy
302,2023-09-22T00:00:00+05:30,75.8,77.75,75.05,77.5,96312592,68.725,5.32060295356397,Buy
303,2023-09-25T00:00:00+05:30,77.9,80.55,76.55,80.2,132629554,69.66999999999999,5.603344865721763,Buy
304,2023-09-26T00:00:00+05:30,80.2,81.35,79.05,79.35,81418694,70.5125,5.733784343235863,Buy
305,2023-09-27T00:00:00+05:30,79.8,81.9,79.5,81.5,87175092,71.44250000000001,5.938839045682765,Buy
306,2023-09-28T00:00:00+05:30,81.65,82.65,79.2,79.65,153076293,72.25999999999999,5.884068588816294,Buy
307,2023-09-29T00:00:00+05:30,80.2,81.0,79.5,80.2,50000692,73.1225,5.709237090706126,Buy
308,2023-10-03T00:00:00+05:30,80.2,83.5,79.8,83.2,67592455,74.0125,5.8281954190045,Buy
309,2023-10-04T00:00:00+05:30,82.7,83.3,79.35,79.75,103799902,74.63,5.744365660549913,Buy
310,2023-10-05T00:00:00+05:30,80.7,81.05,76.25,77.1,134330537,75.11749999999999,5.502661437407957,Buy
311,2023-10-06T00:00:00+05:30,77.45,78.25,76.05,76.75,66525708,75.66999999999999,5.042853202409563,Buy
312,2023-10-09T00:00:00+05:30,76.0,76.0,72.85,73.35,73864732,76.00750000000001,4.611292631881201,Sell
313,2023-10-10T00:00:00+05:30,74.05,75.6,74.0,75.25,45297302,76.4275,4.085934635074942,Sell
314,2023-10-11T00:00:00+05:30,75.8,77.85,75.5,76.05,59870131,76.77250000000001,3.7134348902613414,Sell
315,2023-10-12T00:00:00+05:30,76.7,77.2,75.35,75.75,28874895,77.2175,2.907624957716618,Sell
316,2023-10-13T00:00:00+05:30,75.1,75.75,74.6,75.2,33454518,77.35,2.739237312215081,Sell
317,2023-10-16T00:00:00+05:30,75.15,76.1,74.8,75.25,31664409,77.4275,2.651041255213096,Sell
318,2023-10-17T00:00:00+05:30,75.75,76.2,75.25,75.8,25571754,77.51,2.5680527130185298,Sell
319,2023-10-18T00:00:00+05:30,76.75,77.25,74.05,74.2,79079912,77.375,2.670723339826583,Sell
320,2023-10-19T00:00:00+05:30,73.9,75.1,73.4,74.0,40169623,77.2525,2.769736592073947,Sell
321,2023-10-20T00:00:00+05:30,73.9,74.6,71.85,72.25,47312964,77.115,2.9498483457895945,Sell
322,2023-10-23T00:00:00+05:30,72.5,73.7,69.1,69.65,64052095,76.7225,3.3859413291151728,Sell
323,2023-10-25T00:00:00+05:30,70.0,71.4,68.55,69.5,56157100,76.1875,3.643121673279039,Sell
324,2023-10-26T00:00:00+05:30,69.35,70.3,67.35,69.85,96629399,75.7125,3.8239162551388937,Sell
325,2023-10-27T00:00:00+05:30,71.8,74.15,70.9,73.15,97582651,75.29499999999999,3.6085388499472484,Sell
326,2023-10-30T00:00:00+05:30,73.55,73.65,72.35,73.15,45878932,74.97,3.4863040299826595,Sell
327,2023-10-31T00:00:00+05:30,73.4,74.25,72.8,73.0,44305596,74.61,3.283675732436001,Sell
328,2023-11-01T00:00:00+05:30,73.1,74.35,72.65,72.9,39344724,74.095,2.602625192903592,Sell
329,2023-11-02T00:00:00+05:30,73.85,75.4,73.5,74.25,44074000,73.82000000000001,2.2387966692657457,Sell
330,2023-11-03T00:00:00+05:30,74.85,75.4,74.5,74.75,33999204,73.70250000000001,2.115884473515216,Sell
331,2023-11-06T00:00:00+05:30,75.3,75.5,74.75,74.9,22781133,73.61,2.0136115759865323,Sell
332,2023-11-07T00:00:00+05:30,75.2,76.75,74.55,76.15,45263683,73.75,2.0904544960365934,Sell
333,2023-11-08T00:00:00+05:30,76.5,76.85,75.5,75.8,28074631,73.7775,2.114702604448854,Sell
334,2023-11-09T00:00:00+05:30,76.0,76.55,75.6,76.0,25406922,73.775,2.1119023601831066,Sell
335,2023-11-10T00:00:00+05:30,75.9,76.4,75.5,76.25,19806827,73.8,2.1392940301342476,Sell
336,2023-11-12T00:00:00+05:30,76.8,76.85,76.3,76.35,4786113,73.8575,2.193667621035275,Sell
337,2023-11-13T00:00:00+05:30,76.3,79.45,76.1,79.1,61511606,74.05,2.4733846403151687,Sell
338,2023-11-15T00:00:00+05:30,80.1,80.8,78.75,78.95,56335226,74.20750000000001,2.6821669852642933,Sell
339,2023-11-16T00:00:00+05:30,79.2,80.3,79.1,79.6,36649274,74.47749999999999,2.940706816217324,Buy
340,2023-11-17T00:00:00+05:30,77.95,78.4,76.25,77.9,52680056,74.6725,3.0351656072045845,Buy
341,2023-11-20T00:00:00+05:30,78.2,79.5,77.8,78.4,29074574,74.97999999999999,3.0878965758518535,Buy
342,2023-11-21T00:00:00+05:30,78.8,79.35,77.5,78.05,23914987,75.4,2.889682189773554,Buy
343,2023-11-22T00:00:00+05:30,78.0,78.3,76.0,76.35,35533376,75.7425,2.5381445253528643,Sell
344,2023-11-23T00:00:00+05:30,76.75,77.15,76.3,76.55,15646955,76.0775,2.1285944831470376,Sell
345,2023-11-24T00:00:00+05:30,76.75,76.95,75.75,75.95,17112957,76.2175,2.014962125803078,Sell
346,2023-11-28T00:00:00+05:30,75.95,79.6,75.6,78.55,43966316,76.4875,1.9427920088042148,Sell
347,2023-11-29T00:00:00+05:30,78.95,79.3,78.05,79.15,38404432,76.795,1.846041283680431,Sell
348,2023-11-30T00:00:00+05:30,79.15,79.85,77.25,77.6,57665048,77.03,1.6079080884965147,Sell
349,2023-12-01T00:00:00+05:30,78.1,81.5,78.05,80.7,84958693,77.35249999999999,1.6667392528053158,Sell
350,2023-12-04T00:00:00+05:30,83.15,84.6,82.3,83.75,98320541,77.8025,2.0886582824992224,Sell
351,2023-12-05T00:00:00+05:30,84.2,85.8,83.5,85.0,84479543,78.3075,2.5253074330819563,Buy
352,2023-12-06T00:00:00+05:30,85.5,86.5,84.85,85.45,74935960,78.77250000000001,2.9308017135607476,Buy
353,2023-12-07T00:00:00+05:30,85.85,87.2,84.5,86.8,52407229,79.3225,3.3463049142221784,Buy
354,2023-12-08T00:00:00+05:30,87.15,88.1,84.6,86.55,64205639,79.85,3.615682217056279,Buy
355,2023-12-11T00:00:00+05:30,86.6,89.35,86.55,88.45,58983764,80.46000000000001,3.9864771415374016,Buy
356,2023-12-12T00:00:00+05:30,89.0,89.85,87.75,88.15,50356234,81.05,4.212949960350978,Buy
357,2023-12-13T00:00:00+05:30,88.6,89.2,87.95,88.75,45083954,81.5325,4.519323278405421,Buy
358,2023-12-14T00:00:00+05:30,89.75,90.7,89.25,89.9,46901038,82.08,4.841770011277445,Buy
359,2023-12-15T00:00:00+05:30,92.0,92.0,89.6,91.25,57382725,82.6625,5.214172866736477,Buy
360,2023-12-18T00:00:00+05:30,91.2,92.2,90.4,91.35,35997452,83.335,5.430472015929175,Buy
361,2023-12-19T00:00:00+05:30,91.45,92.4,90.05,91.4,43084144,83.985,5.5845204289225325,Buy
362,2023-12-20T00:00:00+05:30,91.95,92.2,86.2,86.85,75353864,84.425,5.437019791257599,Buy
363,2023-12-21T00:00:00+05:30,86.05,90.15,84.75,89.85,58814452,85.1,5.2152357770792,Buy
364,2023-12-22T00:00:00+05:30,90.45,90.45,88.3,89.25,32589619,85.735,4.881924232362373,Buy
365,2023-12-26T00:00:00+05:30,90.0,90.25,88.25,88.5,35937581,86.3625,4.333798473686451,Buy
366,2023-12-27T00:00:00+05:30,89.15,92.15,89.05,91.8,62043155,87.025,4.082101496971835,Buy
367,2023-12-28T00:00:00+05:30,92.8,97.7,92.8,95.5,178967353,87.8425,4.059111744938243,Buy
368,2023-12-29T00:00:00+05:30,96.4,96.55,94.8,95.75,65556029,88.75,3.657724342869757,Sell
369,2024-01-01T00:00:00+05:30,96.25,99.25,95.75,97.8,55329198,89.60499999999999,3.6755200133344523,Sell
370,2024-01-02T00:00:00+05:30,97.8,98.9,96.1,97.0,50741670,90.2675,3.757843551546,Sell
371,2024-01-03T00:00:00+05:30,96.0,97.95,94.8,96.45,73009456,90.84,3.7852066619519475,Sell
372,2024-01-04T00:00:00+05:30,96.5,97.85,96.45,97.4,37426897,91.4375,3.8324746368510443,Sell
373,2024-01-05T00:00:00+05:30,97.9,97.9,95.65,97.25,42729858,91.96000000000001,3.8790123539512735,Sell
374,2024-01-08T00:00:00+05:30,97.25,97.25,94.8,95.0,47101702,92.38250000000001,3.715482365794204,Sell
375,2024-01-09T00:00:00+05:30,96.0,96.75,94.6,94.95,33881561,92.70750000000001,3.6368463420649055,Sell
376,2024-01-10T00:00:00+05:30,94.95,95.2,93.35,94.4,54772377,93.02,3.4901892574233027,Sell
377,2024-01-11T00:00:00+05:30,95.2,95.95,94.2,94.8,28709414,93.3225,3.3603913854132186,Sell
378,2024-01-12T00:00:00+05:30,95.4,98.6,94.7,97.7,78525419,93.7125,3.3947279171651545,Sell
379,2024-01-15T00:00:00+05:30,98.35,99.6,97.8,98.2,46701350,94.06,3.4839330466709266,Sell
380,2024-01-16T00:00:00+05:30,98.4,100.1,96.8,98.25,60660256,94.405,3.542594202588282,Sell
381,2024-01-17T00:00:00+05:30,97.05,99.95,96.4,97.2,98759165,94.69500000000001,3.52098595641402,Sell
382,2024-01-18T00:00:00+05:30,97.3,99.0,94.3,98.5,60733225,95.2775,3.092413254538229,Sell
383,2024-01-19T00:00:00+05:30,99.4,102.5,98.9,102.2,104194911,95.89500000000001,3.1832993476648954,Sell
384,2024-01-20T00:00:00+05:30,103.55,105.7,102.6,105.0,51901229,96.6825,3.394084443635425,Sell
385,2024-01-23T00:00:00+05:30,106.65,106.7,98.15,98.75,83723415,97.19500000000001,2.8185896062432994,Sell
386,2024-01-24T00:00:00+05:30,99.15,102.65,97.8,102.2,65088374,97.715,2.7287986560508424,Sell
387,2024-01-25T00:00:00+05:30,102.75,106.0,100.65,104.5,111791532,98.16499999999999,3.065602885670831,Sell
388,2024-01-29T00:00:00+05:30,107.5,109.5,105.45,107.5,108149443,98.7525,3.648845347287664,Buy
389,2024-01-30T00:00:00+05:30,108.0,110.95,106.9,109.25,75911884,99.325,4.326798378770165,Buy
390,2024-01-31T00:00:00+05:30,109.5,114.95,109.05,114.4,113135172,100.19500000000001,5.440658338647688,Buy
391,2024-02-01T00:00:00+05:30,115.0,119.65,113.7,118.85,134380980,101.315,6.771886544266893,Buy
392,2024-02-02T00:00:00+05:30,121.7,128.25,120.1,125.4,167566465,102.715,8.574351287415396,Buy
393,2024-02-05T00:00:00+05:30,125.9,126.8,120.8,121.65,92993076,103.93499999999999,9.447278917623349,Buy
394,2024-02-06T00:00:00+05:30,122.4,122.85,119.1,121.9,53028325,105.28,10.006568895112546,Buy
395,2024-02-07T00:00:00+05:30,123.7,125.75,122.85,123.9,65831369,106.7275,10.514619834457182,Buy
396,2024-02-08T00:00:00+05:30,125.65,127.25,123.05,124.3,83500656,108.22250000000001,10.791596084575914,Buy
397,2024-02-09T00:00:00+05:30,124.5,124.6,117.8,123.9,69128606,109.67749999999998,10.84821686778657,Buy
398,2024-02-12T00:00:00+05:30,124.85,125.55,117.1,118.25,65062679,110.705,10.624956965857256,Buy
399,2024-02-13T00:00:00+05:30,118.3,123.5,115.7,122.1,76885208,111.90000000000002,10.487624285694912,Buy
400,2024-02-14T00:00:00+05:30,120.9,124.5,119.5,122.95,57158902,113.13500000000002,10.247183181630833,Buy
401,2024-02-15T00:00:00+05:30,124.9,129.3,123.6,128.85,102510609,114.7175,10.0996127466147,Buy
402,2024-02-16T00:00:00+05:30,129.65,132.6,129.3,130.15,111266944,116.3,9.902445205737564,Buy
403,2024-02-19T00:00:00+05:30,130.9,131.3,128.2,128.45,44582022,117.6125,9.672177610902597,Buy
404,2024-02-20T00:00:00+05:30,129.0,130.5,128.2,129.5,32539004,118.8375,9.541307355527072,Buy
405,2024-02-21T00:00:00+05:30,129.95,131.15,127.2,128.35,54001521,120.31750000000002,8.500360286482184,Buy
406,2024-02-22T00:00:00+05:30,128.95,129.3,125.65,129.0,41873541,121.65749999999998,7.553655005847962,Sell
407,2024-02-23T00:00:00+05:30,129.5,130.8,127.0,127.95,48191136,122.83,6.496221573872439,Sell
408,2024-02-26T00:00:00+05:30,127.9,128.25,124.3,124.85,41091685,123.69749999999999,5.408752044992832,Sell
409,2024-02-27T00:00:00+05:30,124.85,125.75,122.6,123.4,37510230,124.405,4.2126657393606,Sell
410,2024-02-28T00:00:00+05:30,124.0,125.45,120.15,120.75,52883269,124.7225,3.615954230905537,Sell
411,2024-02-29T00:00:00+05:30,120.75,125.55,118.7,121.85,356428226,124.87249999999999,3.4162334984296856,Sell
412,2024-03-01T00:00:00+05:30,123.05,125.0,121.0,124.85,52161604,124.845,3.413976690328878,Sell
413,2024-03-02T00:00:00+05:30,125.15,126.4,124.6,125.8,3731867,125.05250000000001,3.3347640569901102,Sell
414,2024-03-04T00:00:00+05:30,126.45,126.7,124.75,126.05,43386707,125.25999999999999,3.256475330622212,Sell
415,2024-03-05T00:00:00+05:30,125.85,130.0,125.5,129.7,60554186,125.55,3.384717977834692,Sell
416,2024-03-06T00:00:00+05:30,129.6,130.7,125.6,130.35,82989654,125.85249999999999,3.5341743247749435,Sell
417,2024-03-07T00:00:00+05:30,130.55,131.65,129.5,129.85,38719979,126.15,3.6107660653871045,Sell
418,2024-03-11T00:00:00+05:30,130.4,132.95,128.1,128.9,55291160,126.6825,3.1388597913059786,Sell
419,2024-03-12T00:00:00+05:30,128.8,130.1,124.85,125.95,43724417,126.87499999999997,2.955748190970399,Sell
420,2024-03-13T00:00:00+05:30,126.3,126.85,116.9,118.8,69647674,126.66749999999999,3.363358088515504,Sell
421,2024-03-14T00:00:00+05:30,117.0,122.3,116.3,120.65,54520717,126.25750000000001,3.576357857698174,Sell
422,2024-03-15T00:00:00+05:30,120.6,121.25,114.9,117.75,61465003,125.6375,3.923977406180387,Sell
423,2024-03-18T00:00:00+05:30,117.95,120.5,117.25,120.0,31528977,125.215,4.057841661200203,Sell
424,2024-03-19T00:00:00+05:30,120.5,120.7,115.95,116.55,33325451,124.5675,4.360054170354377,Sell
425,2024-03-20T00:00:00+05:30,117.25,118.3,114.15,116.65,43979002,123.9825,4.603924955948291,Sell
426,2024-03-21T00:00:00+05:30,118.55,121.55,118.4,121.05,38099730,123.585,4.4896987356442475,Sell
427,2024-03-22T00:00:00+05:30,121.0,123.3,120.1,122.75,35001868,123.325,4.372657267492022,Sell
428,2024-03-26T00:00:00+05:30,122.8,124.6,122.15,123.95,30860596,123.28,4.360751987299927,Buy
429,2024-03-27T00:00:00+05:30,124.0,125.15,122.2,122.75,42673023,123.24749999999999,4.362232498208283,Sell
430,2024-03-28T00:00:00+05:30,122.9,125.1,122.9,124.4,29453142,123.42999999999999,4.328467578595317,Buy
431,2024-04-01T00:00:00+05:30,125.45,126.1,124.9,125.6,24639923,123.61749999999999,4.337634420790265,Buy
432,2024-04-02T00:00:00+05:30,125.5,127.0,124.95,126.7,29181379,123.71000000000001,4.384770293449732,Buy
433,2024-04-03T00:00:00+05:30,126.7,136.7,125.6,135.15,100643107,124.17750000000001,5.065010910779886,Buy
434,2024-04-04T00:00:00+05:30,137.05,137.35,134.0,135.1,81127069,124.63000000000002,5.615448615907572,Buy
435,2024-04-05T00:00:00+05:30,135.1,137.5,134.3,136.55,44560290,124.9725,6.126591629936141,Buy
436,2024-04-08T00:00:00+05:30,136.5,136.8,132.5,132.9,41839925,125.1,6.269265045484191,Buy
437,2024-04-09T00:00:00+05:30,133.5,134.75,131.25,132.5,25963967,125.2325,6.401547407504682,Buy
438,2024-04-10T00:00:00+05:30,132.75,136.9,132.35,136.3,48720465,125.6025,6.824558497383854,Buy
439,2024-04-12T00:00:00+05:30,135.6,138.3,134.6,134.85,40533614,126.04750000000001,7.131665395669733,Buy
440,2024-04-15T00:00:00+05:30,132.2,135.35,129.25,132.85,45918093,126.75,7.071923731429913,Buy
441,2024-04-16T00:00:00+05:30,132.4,132.5,128.65,129.0,25310371,127.16749999999999,6.938058180484882,Buy
