,Date,Open,High,Low,Close,Volume,RSI,ATR,ADX,52-week High,Threshold,Volatility,14-day MA,10-day MA,20-day SMA,50-day SMA,Signal
0,2022-07-05T00:00:00+05:30,35.0,35.2,34.5,34.6,3480020,,0.7000000000000028,,,,,,,,,No Signal
1,2022-07-06T00:00:00+05:30,34.65,35.0,34.55,34.9,2204792,,0.68214285714286,,,,,,,,,No Signal
2,2022-07-07T00:00:00+05:30,35.0,36.2,35.0,35.9,10127478,,0.7262755102040847,100.0,,,,,,,,No Signal
3,2022-07-08T00:00:00+05:30,36.2,36.25,35.7,36.0,3827748,,0.7136844023323642,100.0,,,,,,,,No Signal
4,2022-07-11T00:00:00+05:30,35.9,36.8,35.75,36.55,5497565,,0.7377069450229095,100.0,,,,,,,,No Signal
5,2022-07-12T00:00:00+05:30,36.5,36.95,36.1,36.6,4233227,,0.7457278775212732,100.0,,,,,,,,No Signal
6,2022-07-13T00:00:00+05:30,36.8,37.7,36.7,37.25,6229552,,0.7710330291268966,100.0,,,,,,,,No Signal
7,2022-07-14T00:00:00+05:30,37.25,37.4,36.25,36.55,3889151,,0.7981020984749754,97.5099784439252,,,,,,,,No Signal
8,2022-07-15T00:00:00+05:30,36.6,36.75,36.0,36.5,3282166,,0.7946662342981914,94.08388939916358,,,,,,,,No Signal
9,2022-07-18T00:00:00+05:30,36.8,37.4,36.6,37.15,4455564,,0.8021900747054633,91.65618679901613,,,,,36.2,,,No Signal
10,2022-07-19T00:00:00+05:30,37.0,38.0,36.9,37.9,6511715,,0.8234622122265017,89.89244366900361,,,,,36.529999999999994,,,No Signal
11,2022-07-20T00:00:00+05:30,38.2,38.35,37.2,37.4,6067708,,0.8467863399246087,88.4849191383604,,,,,36.78,,,No Signal
12,2022-07-21T00:00:00+05:30,37.5,38.55,37.4,38.15,10004534,,0.8684444585014223,87.29855010946332,,,,,37.005,,,No Signal
13,2022-07-22T00:00:00+05:30,38.35,38.65,37.9,38.2,5372104,79.50819672131148,0.8599841400370349,86.25637775427349,,,,36.68928571428571,37.225,,,No Signal
14,2022-07-25T00:00:00+05:30,38.25,38.45,37.5,37.95,3908047,76.37795275590551,0.8664138443201042,83.89369687301593,,,,36.92857142857143,37.364999999999995,,,No Signal
15,2022-07-26T00:00:00+05:30,38.1,38.3,36.8,37.15,9552556,66.42335766423355,0.9116699982972396,79.7777129005172,,,,37.089285714285715,37.42,,,No Signal
16,2022-07-27T00:00:00+05:30,37.35,37.85,37.0,37.65,5305143,63.7795275590551,0.9072649984188654,75.95572778319695,,,,37.214285714285715,37.459999999999994,,,No Signal
17,2022-07-28T00:00:00+05:30,37.9,38.6,37.5,38.15,7382707,65.9259259259259,0.9210317842460894,73.35036082681957,,,,37.36785714285714,37.62,,,No Signal
18,2022-07-29T00:00:00+05:30,38.35,38.8,37.95,38.2,5430681,63.20000000000001,0.9159580853713684,71.14263964412672,,,,37.48571428571428,37.790000000000006,,,No Signal
19,2022-08-01T00:00:00+05:30,38.45,39.0,38.0,38.7,6828034,65.67164179104476,0.9219610792734135,69.29843750997914,,,2.8985325472741263,37.635714285714286,37.945,37.072500000000005,,Buy
20,2022-08-02T00:00:00+05:30,38.7,40.4,38.55,39.65,16382477,67.14285714285711,0.9882495736110269,68.65603836746821,,,2.7846635108694286,37.80714285714286,38.120000000000005,37.325,,Buy
21,2022-08-03T00:00:00+05:30,39.6,39.9,38.35,39.05,6895225,68.1159420289855,1.028374604067382,67.59637940822392,,,2.587393288518858,37.98571428571429,38.285,37.5325,,Buy
22,2022-08-04T00:00:00+05:30,39.25,39.6,38.4,38.75,6041211,65.73426573426573,1.0406335609197122,66.61241037463995,,,2.4983482138363433,38.14642857142858,38.345,37.675,,Buy
23,2022-08-05T00:00:00+05:30,38.75,39.55,38.75,38.9,5695169,63.157894736842096,1.0234454494254468,65.69872484345483,,,2.3650679732042375,38.271428571428565,38.415000000000006,37.82,,Buy
24,2022-08-08T00:00:00+05:30,38.9,39.35,38.65,38.8,3897668,57.49999999999998,1.0003422030379152,64.57961010317172,,,2.303432544325734,38.33571428571429,38.5,37.9325,,Buy
25,2022-08-10T00:00:00+05:30,38.9,39.0,38.3,38.75,4589410,62.16216216216217,0.9788891885352072,62.629828271762385,,,2.2023592147873954,38.43214285714286,38.66,38.040000000000006,,Buy
26,2022-08-11T00:00:00+05:30,39.1,40.3,39.0,40.0,12101576,65.28925619834712,1.0196828179255495,61.95570590219007,,,2.3422166036515555,38.56428571428571,38.894999999999996,38.1775,,Buy
27,2022-08-12T00:00:00+05:30,39.75,40.3,39.75,39.95,4697894,64.46280991735537,0.9861340452165815,61.32973513044435,,,2.3391641166243113,38.68928571428571,39.075,38.3475,,Buy
28,2022-08-16T00:00:00+05:30,40.2,40.45,40.0,40.2,4227604,68.59504132231406,0.9514101848439686,60.858245151434865,,,2.277485470981045,38.85,39.275,38.5325,,Buy
29,2022-08-17T00:00:00+05:30,40.3,41.15,40.1,40.95,10153230,81.66666666666674,0.9584523144979706,60.878413191582474,,,2.450814702095142,39.121428571428574,39.5,38.722500000000004,,Buy
30,2022-08-18T00:00:00+05:30,40.95,41.65,40.75,41.3,8337181,81.19658119658125,0.9542771491766869,61.16982981491143,,,2.7509951831548967,39.38214285714286,39.665000000000006,38.8925,,Buy
31,2022-08-19T00:00:00+05:30,41.3,41.4,40.1,40.2,6318771,65.89147286821714,0.9789716385212092,60.01578390266442,,,2.773344144621444,39.52857142857143,39.78,39.032500000000006,,Buy
32,2022-08-22T00:00:00+05:30,40.0,40.2,39.25,39.45,3630350,58.74125874125877,0.9769022357696945,57.43706666929454,,,2.7845393474888525,39.61785714285714,39.85,39.0975,,Buy
33,2022-08-23T00:00:00+05:30,38.9,40.1,38.9,39.6,5233748,56.617647058823536,0.9928377903575737,54.50608672006169,,,2.7343258842411244,39.68214285714286,39.92,39.167500000000004,,Buy
34,2022-08-24T00:00:00+05:30,39.55,40.7,39.5,40.45,5745444,55.97014925373139,1.0076350910463185,52.385370819535126,,,2.667840172310623,39.739285714285714,40.085,39.292500000000004,,Buy
35,2022-08-25T00:00:00+05:30,40.65,43.6,40.65,42.3,26471043,70.44025157232711,1.1606611559715814,52.262183881435554,,,2.725564842570685,39.971428571428575,40.440000000000005,39.55,,Buy
36,2022-08-26T00:00:00+05:30,42.7,43.7,42.4,42.55,16824770,74.05063291139246,1.1777567876878974,52.1922170364748,,,2.9256726179583876,40.24285714285714,40.69500000000001,39.795,,Buy
37,2022-08-29T00:00:00+05:30,41.05,41.8,40.6,41.5,6262531,64.77272727272731,1.2329170171387616,50.00544059079906,,,2.9812951296385313,40.42857142857143,40.85,39.9625,,Buy
38,2022-08-30T00:00:00+05:30,41.8,42.5,41.75,42.35,6806139,68.58638743455504,1.2162800873431359,48.40050704143926,,,3.007218358774654,40.68214285714286,41.065,40.17,,Buy
39,2022-09-01T00:00:00+05:30,41.8,43.05,41.8,42.6,7064610,69.7435897435898,1.218688652532912,47.22290061423831,,,3.1309430113865564,40.957142857142856,41.230000000000004,40.364999999999995,,Buy
40,2022-09-02T00:00:00+05:30,42.8,42.95,42.1,42.5,5902808,64.53488372093028,1.192353748780561,46.12940893183743,,,3.3030120964240974,41.135714285714286,41.35,40.5075,,Buy
41,2022-09-05T00:00:00+05:30,42.55,43.45,42.35,42.9,6100133,66.48044692737432,1.1857570524390926,45.40523648995623,,,3.3948331192662313,41.346428571428575,41.62,40.7,,Buy
42,2022-09-06T00:00:00+05:30,43.15,43.4,42.15,42.45,11510185,62.29508196721314,1.190345834407729,44.48853360996188,,,3.3696399527972507,41.50714285714286,41.92,40.885000000000005,,Buy
43,2022-09-07T00:00:00+05:30,42.35,43.05,42.3,42.75,5199828,60.34482758620691,1.1588925605214626,43.637309507109975,,,3.2938102805631817,41.635714285714286,42.235,41.0775,,Buy
44,2022-09-08T00:00:00+05:30,43.0,43.75,42.95,43.45,9680628,61.87845303867409,1.1475430919127867,43.29296321394574,,,3.2131268134377144,41.78928571428571,42.535000000000004,41.309999999999995,,Buy
45,2022-09-09T00:00:00+05:30,43.75,44.25,43.35,43.6,10182165,70.98765432098767,1.1298614424904447,43.26386121589935,,,3.0927458820993334,42.03214285714285,42.665,41.552499999999995,,Buy
46,2022-09-12T00:00:00+05:30,43.85,45.4,43.65,45.15,20944823,82.02247191011239,1.1777284823125556,43.81382515958965,,,3.3610065833300493,42.43928571428571,42.925,41.809999999999995,,Buy
47,2022-09-13T00:00:00+05:30,45.6,47.2,45.4,46.15,23083395,83.58974358974362,1.2400335907188018,44.99878397115127,,,3.759898151681947,42.90714285714286,43.39,42.120000000000005,,Buy
48,2022-09-14T00:00:00+05:30,45.25,46.45,45.0,46.0,15689140,80.66298342541441,1.2550311913817447,45.594508000040854,,,4.079018777798493,43.30357142857143,43.755,42.410000000000004,,Buy
49,2022-09-15T00:00:00+05:30,46.35,47.2,46.05,46.45,10401985,77.12418300653601,1.2511003919973347,46.41986947136014,,,4.405685834045622,43.6,44.14,42.684999999999995,39.803000000000004,Buy
50,2022-09-16T00:00:00+05:30,46.55,46.8,44.55,46.25,18260722,74.34210526315793,1.3224503639975251,45.507184206258586,,,4.683159470137262,43.864285714285714,44.515,42.9325,40.036,Buy
51,2022-09-19T00:00:00+05:30,46.85,48.45,46.55,47.0,22339107,87.67123287671234,1.385132480854845,45.373167001045836,,,4.780133467460789,44.25714285714286,44.925,43.272499999999994,40.278,Buy
52,2022-09-20T00:00:00+05:30,47.45,48.4,47.1,47.35,9492135,86.76470588235296,1.3861944465080704,45.24872245334828,,,4.717360663990898,44.614285714285714,45.415,43.667500000000004,40.507,Buy
53,2022-09-21T00:00:00+05:30,47.4,47.75,46.05,46.45,6717648,75.83892617449666,1.4086091289003513,44.10737327662351,,,4.517157797255663,44.88928571428572,45.785,44.010000000000005,40.716,Buy
54,2022-09-22T00:00:00+05:30,46.3,47.0,45.2,45.7,9994222,69.75308641975312,1.436565619693183,42.30721621700844,,,4.2730041301630095,45.11785714285714,46.010000000000005,44.272499999999994,40.899,Buy
55,2022-09-23T00:00:00+05:30,45.5,45.9,43.8,44.15,7488842,56.75675675675676,1.4839537897150987,39.57815312730705,,,4.297718862018887,45.20714285714286,46.065,44.364999999999995,41.05,Buy
56,2022-09-26T00:00:00+05:30,43.5,43.55,42.1,42.35,9081756,49.52830188679245,1.5243856618783058,37.4994274395089,,,4.505335145074206,45.199999999999996,45.785000000000004,44.355000000000004,41.152,Buy
57,2022-09-27T00:00:00+05:30,43.0,43.45,42.4,43.05,6317089,51.36363636363636,1.4940724003155699,35.56918215798205,,,4.216401701287194,45.221428571428575,45.475,44.432500000000005,41.282,Buy
58,2022-09-28T00:00:00+05:30,42.5,42.9,41.9,42.15,4533659,44.196428571428555,1.4694958002930292,34.068309197591795,,,4.33628676544573,45.12857142857143,45.09,44.4225,41.395,Buy
59,2022-09-29T00:00:00+05:30,42.8,44.45,42.0,43.65,7324129,50.19920318725099,1.539531814557813,31.675865964055944,,,4.094552698047414,45.13214285714286,44.81,44.475,41.525,Buy
60,2022-09-30T00:00:00+05:30,43.7,44.85,43.0,44.65,8639045,47.916666666666664,1.5617081135179693,29.70577563698368,,,3.8652435075487,45.096428571428575,44.65,44.582499999999996,41.66,Buy
61,2022-10-03T00:00:00+05:30,44.55,44.8,42.85,43.15,6605906,37.99999999999999,1.5894432482666856,27.771583565976808,,,3.97188316767636,44.88214285714285,44.265,44.595,41.775,Sell
62,2022-10-04T00:00:00+05:30,44.1,44.65,43.95,44.55,4518856,44.72727272727272,1.5830544448190653,25.975548071470424,,,3.677206313809707,44.778571428571425,43.985,44.7,41.903,Sell
63,2022-10-06T00:00:00+05:30,44.8,45.25,44.6,44.75,4374348,43.7037037037037,1.5199791273319894,24.734754446039958,,,3.5142518520510624,44.65714285714286,43.815000000000005,44.8,42.034000000000006,Sell
64,2022-10-07T00:00:00+05:30,44.8,44.8,44.0,44.6,3501606,43.86617100371747,1.4685520468082758,23.101557444448137,,,3.4560159055649837,44.53928571428572,43.705,44.8575,42.167,Sell
65,2022-10-10T00:00:00+05:30,44.0,44.35,43.75,43.9,4311459,38.43283582089551,1.4243697577505419,21.51485709919484,,,3.4850084931471903,44.31785714285714,43.68,44.8725,42.30200000000001,Sell
66,2022-10-11T00:00:00+05:30,44.05,44.15,42.75,43.0,4021873,34.40860215053762,1.4226290607683603,20.78084081320696,,,3.6836605029475757,44.00714285714286,43.745,44.765,42.409000000000006,Sell
67,2022-10-12T00:00:00+05:30,43.0,44.0,42.8,43.8,4178803,40.43321299638986,1.406726984999192,20.099254261932504,,,3.568145789989964,43.817857142857136,43.82,44.647499999999994,42.522,Sell
68,2022-10-13T00:00:00+05:30,43.6,43.85,42.8,43.05,2760557,40.43321299638986,1.3812464860706786,19.466352464320508,,,3.6415412479998204,43.62857142857143,43.91,44.5,42.61900000000001,Sell
69,2022-10-14T00:00:00+05:30,43.85,44.1,42.9,43.1,2635618,45.74898785425102,1.3683003084942018,18.627737899213354,,,3.5424645331295475,43.55357142857143,43.855000000000004,44.332499999999996,42.707,Sell
70,2022-10-17T00:00:00+05:30,43.1,44.2,42.6,43.95,5389280,57.01754385964913,1.3848502864589018,18.107461227478467,,,3.3217916940414254,43.667857142857144,43.785,44.2175,42.79299999999999,Sell
71,2022-10-18T00:00:00+05:30,44.25,46.2,44.15,45.95,16354354,61.41732283464569,1.4466466945689802,17.750869057775553,,,2.9831482266122333,43.875,44.065,44.165000000000006,42.931000000000004,Sell
72,2022-10-19T00:00:00+05:30,46.2,46.8,45.8,46.2,9281496,66.80497925311204,1.4147433592426246,17.83100854809134,,,2.7030689655250755,44.16428571428571,44.23,44.1075,43.08,No Signal
73,2022-10-20T00:00:00+05:30,46.2,47.75,45.75,47.25,19900322,65.51724137931035,1.4565474050110085,18.493730267024166,,,2.830611054114828,44.42142857142857,44.48,44.147499999999994,43.247,No Signal
74,2022-10-21T00:00:00+05:30,47.55,49.55,47.5,49.15,35128751,68.0,1.5167940189387934,20.00258569819469,,,3.4931789350750835,44.74285714285714,44.935,44.32,43.45399999999999,No Signal
75,2022-10-24T00:00:00+05:30,49.9,50.0,48.7,48.85,5031045,75.22123893805312,1.5013087318717366,21.5941354871036,,,4.0778238741350155,45.15,45.42999999999999,44.555,43.65599999999999,No Signal
76,2022-10-25T00:00:00+05:30,48.9,52.5,48.5,51.65,33739897,77.95275590551182,1.6797866795951841,23.93359565237757,,,4.7951635365810725,45.65714285714285,46.295,45.019999999999996,43.888999999999996,No Signal
77,2022-10-27T00:00:00+05:30,51.65,53.35,51.5,52.9,23465340,79.63636363636365,1.691944773909814,26.337755511479852,,,5.65296372585506,46.239285714285714,47.205,45.5125,44.148,Buy
78,2022-10-28T00:00:00+05:30,53.45,54.1,52.85,53.65,22909820,81.53310104529616,1.660377290059113,28.76185223323444,,,6.316698902534634,46.885714285714286,48.265,46.0875,44.41700000000001,Buy
79,2022-10-31T00:00:00+05:30,53.8,54.7,52.95,53.9,20830304,85.97122302158276,1.6667789121977479,31.15948014801158,,,6.968548710328516,47.6,49.345,46.6,44.676,Buy
80,2022-11-01T00:00:00+05:30,54.2,55.2,52.2,52.6,17483379,83.5664335664336,1.7620089898979088,32.63147893455909,,,7.517605881039202,48.285714285714285,50.21,46.9975,44.90200000000001,Buy
81,2022-11-02T00:00:00+05:30,53.0,53.2,51.25,51.9,10868234,78.52112676056339,1.7754369191909156,33.11467106061781,,,7.687970559433642,48.864285714285714,50.805,47.435,45.136,Buy
82,2022-11-03T00:00:00+05:30,51.4,54.1,51.2,53.9,15488727,85.11326860841426,1.8557628535344215,33.895716178187044,,,7.750624592530338,49.63928571428571,51.575,47.902499999999996,45.425,Buy
83,2022-11-04T00:00:00+05:30,54.2,55.4,54.05,55.25,23732650,86.26865671641792,1.8303512211391058,35.047364956844696,,,7.988523566889813,50.50714285714286,52.375,48.427499999999995,45.73799999999999,Buy
84,2022-11-07T00:00:00+05:30,56.0,59.15,56.0,58.55,36290995,88.02083333333334,1.9781832767720267,37.00546680220222,,,8.295418143864016,51.550000000000004,53.315,49.125,46.1,Buy
85,2022-11-09T00:00:00+05:30,59.25,64.5,59.1,64.05,83679309,89.86784140969164,2.261884471288311,39.56551598580515,,,8.942845990315513,52.84285714285714,54.834999999999994,50.1325,46.535,Buy
86,2022-11-10T00:00:00+05:30,65.0,67.5,64.05,66.85,79239027,90.8910891089109,2.346749866196289,42.22035379758417,,,9.848290279294726,54.31785714285714,56.355,51.325,47.021,Buy
87,2022-11-11T00:00:00+05:30,67.5,69.35,65.8,66.85,42270576,90.49586776859505,2.432696304325125,44.829836845553494,,,10.750693727402325,55.71785714285714,57.75,52.4775,47.528,Buy
88,2022-11-14T00:00:00+05:30,66.75,66.75,64.3,64.75,19993238,81.96721311475412,2.441075139730473,46.35325563634321,,,11.313282270350166,56.83214285714286,58.86,53.5625,47.976000000000006,Buy
89,2022-11-15T00:00:00+05:30,64.75,65.25,62.0,63.1,15989662,77.66990291262138,2.498855486892582,46.530855677580725,,,11.38781438307808,57.85,59.78000000000001,54.5625,48.385999999999996,Buy
90,2022-11-16T00:00:00+05:30,63.55,67.3,63.15,66.05,31187619,77.79922779922782,2.6203658092573976,47.028111527764175,,,10.850978865997046,58.87857142857143,61.125,55.6675,48.857000000000006,Buy
91,2022-11-17T00:00:00+05:30,67.0,70.9,66.45,70.25,45816617,80.06932409012134,2.7796253943104414,47.97735826593703,,,10.655740609166028,60.11785714285714,62.959999999999994,56.88249999999999,49.404,Buy
92,2022-11-18T00:00:00+05:30,71.0,74.45,70.9,73.9,62056414,81.88976377952758,2.8810807232882674,49.24098151535249,,,10.761963026995947,61.56428571428571,64.96,58.2675,50.032999999999994,Buy
93,2022-11-21T00:00:00+05:30,73.85,76.65,71.25,76.15,45252455,82.96296296296299,3.061003528767677,50.61679955312224,,,11.103764071140972,63.153571428571425,67.05,59.7125,50.70099999999999,Buy
94,2022-11-22T00:00:00+05:30,76.7,78.35,75.55,76.75,37322552,86.535552193646,3.042360419569986,52.0389750547628,,,11.573151153622074,64.87857142857142,68.87,61.09250000000001,51.367,Buy
95,2022-11-23T00:00:00+05:30,76.45,77.2,74.6,75.8,19942051,85.8858858858859,3.0107632467435588,52.90588594663761,,,11.835324624802503,66.58571428571429,70.045,62.44,52.011,Buy
96,2022-11-24T00:00:00+05:30,75.8,79.2,75.8,78.6,29383006,86.21700879765396,3.038565871976162,53.91013330932091,,,11.81135830625619,68.35,71.22,63.7875,52.68,Buy
97,2022-11-25T00:00:00+05:30,79.25,80.65,76.2,76.5,31513815,80.48780487804879,3.1393825954064365,54.97788695748613,,,12.19186447448693,69.86785714285715,72.185,64.9675,53.287,Buy
98,2022-11-28T00:00:00+05:30,77.0,79.75,76.65,79.45,23363903,80.28985507246378,3.147283838591691,55.969372487925256,,,11.90973380655532,71.36071428571428,73.655,66.25750000000001,53.956,Buy
99,2022-11-29T00:00:00+05:30,79.3,82.7,77.9,82.2,37046055,78.58267716535435,3.2653349929779987,57.15501286264072,,,11.717227481825905,72.65714285714286,75.565,67.6725,54.67100000000001,Buy
100,2022-11-30T00:00:00+05:30,81.85,83.7,79.8,81.65,26927919,75.08474576271189,3.310668207765285,58.33762214368846,,,11.545858308566585,73.71428571428571,77.125,69.125,55.379000000000005,Buy
101,2022-12-01T00:00:00+05:30,82.1,82.55,79.6,81.5,22966586,74.70489038785837,3.284906192924908,59.32537524755999,,,10.906484747040649,74.76071428571429,78.25,70.60499999999999,56.069,Buy
102,2022-12-02T00:00:00+05:30,81.3,82.4,80.9,82.05,14963663,80.7829181494662,3.157412893430272,60.24257455829784,,,10.133540383609688,75.99642857142858,79.065,72.0125,56.76299999999999,Buy
103,2022-12-05T00:00:00+05:30,82.3,83.65,81.8,82.9,14002859,86.26373626373626,3.0640262581852533,61.21469689522875,,,9.231769133743754,77.41071428571429,79.74,73.395,57.492,Buy
104,2022-12-06T00:00:00+05:30,82.9,89.8,82.65,88.15,58814030,87.33108108108108,3.3558815254577348,62.571196119137625,,,8.498735889689673,78.98928571428571,80.88,74.875,58.341,Buy
105,2022-12-07T00:00:00+05:30,88.55,89.45,86.1,86.75,27695746,80.78358208955223,3.355461416496469,63.83080254133873,,,8.628074794008384,80.16785714285713,81.975,76.01,59.193000000000005,Buy
106,2022-12-08T00:00:00+05:30,86.75,89.4,85.1,88.5,33510946,79.31726907630521,3.4229284581752935,64.4364753073143,,,8.648609990599669,81.21071428571427,82.965,77.0925,60.11600000000001,Buy
107,2022-12-09T00:00:00+05:30,89.0,91.25,81.0,83.7,44705067,63.75227686703096,3.910576425448487,63.003829855227394,,,8.8292393742347,81.75,83.685,77.935,60.928999999999995,Buy
108,2022-12-12T00:00:00+05:30,83.6,88.35,82.7,87.6,27770521,67.64227642276421,4.03482096648788,61.6735162211467,,,7.991349828377402,82.525,84.50000000000001,79.0775,61.838,Buy
109,2022-12-13T00:00:00+05:30,88.1,94.4,87.5,93.75,56753014,74.96522948539638,4.239476611738746,61.30098886569063,,,7.109841758053513,83.80714285714286,85.655,80.61,62.84,Buy
110,2022-12-14T00:00:00+05:30,94.4,96.4,90.8,94.3,59058653,73.29376854599407,4.3366568537574075,61.17826416387039,,,6.793049747102327,84.92857142857143,86.92,82.02250000000001,63.833,Buy
111,2022-12-15T00:00:00+05:30,94.5,94.95,89.4,90.05,40570641,68.89818688981867,4.423324221346164,60.4792968087374,,,6.672258318279253,85.89642857142857,87.775,83.0125,64.771,Buy
112,2022-12-16T00:00:00+05:30,90.1,90.1,84.0,84.7,36600402,56.86274509803922,4.543086776964294,57.930031408284684,,,6.63398752048722,86.27142857142857,88.03999999999999,83.5525,65.574,Buy
113,2022-12-19T00:00:00+05:30,85.5,88.3,83.5,85.1,30514995,54.03899721448466,4.561437721466845,55.40936104224913,,,6.284712608990784,86.47857142857143,88.26,84.0,66.381,Buy
114,2022-12-20T00:00:00+05:30,85.1,85.85,82.6,83.85,20106147,53.0054644808743,4.467763598504928,52.78576363229608,,,6.046675047240613,86.63571428571429,87.83,84.35499999999999,67.166,Buy
115,2022-12-21T00:00:00+05:30,84.35,87.2,80.1,81.2,32433368,49.61636828644502,4.655780484326005,49.60258699326716,,,5.815813826863851,86.61428571428571,87.275,84.625,67.91199999999999,Buy
116,2022-12-22T00:00:00+05:30,81.6,83.0,75.2,76.15,39576536,43.23394495412845,4.880367592588433,46.68459529345661,,,6.454120992255977,86.19285714285715,86.03999999999999,84.5025,68.575,Buy
117,2022-12-23T00:00:00+05:30,75.0,76.75,66.7,67.55,51837535,35.053554040895804,5.249627050260687,45.45189284090044,,,8.84518649077051,85.09642857142856,84.425,84.055,69.05,Buy
118,2022-12-26T00:00:00+05:30,68.5,81.05,68.05,80.25,75502272,43.28231292517007,5.838939403813495,43.291420529792624,,,7.4081935967503325,84.53214285714286,83.69,84.095,69.794,Sell
119,2022-12-27T00:00:00+05:30,83.25,86.4,80.1,82.75,93279737,46.66110183639399,5.871872303541104,40.229215661363504,,,7.1747614313913095,84.24642857142858,82.59,84.1225,70.587,Sell
120,2022-12-28T00:00:00+05:30,82.75,83.45,77.95,79.4,60509346,42.60162601626016,5.845309996145311,37.76000285977783,,,7.565910879009308,83.59642857142858,81.1,84.01,71.29599999999999,Sell
121,2022-12-29T00:00:00+05:30,79.0,80.4,77.25,78.0,39390438,45.0946643717728,5.652787853563504,35.58923185183673,,,7.864032909333926,83.18928571428572,79.89500000000001,83.83500000000001,71.937,Sell
122,2022-12-30T00:00:00+05:30,80.2,81.5,79.5,80.4,35335762,43.63957597173145,5.499017292594683,33.34539903193899,,,7.67438544182261,82.67499999999998,79.465,83.7525,72.62100000000001,Sell
123,2023-01-02T00:00:00+05:30,80.9,82.3,80.2,81.4,25652957,37.99805636540331,5.256230343123634,31.09243579890651,,,7.604665329035389,81.79285714285713,79.095,83.67750000000001,73.304,Sell
124,2023-01-03T00:00:00+05:30,81.7,83.6,81.6,82.25,20994008,38.35748792270531,5.037928175757659,29.021304846585267,,,7.423524236462682,80.93214285714285,78.93500000000002,83.38250000000001,73.96600000000001,Sell
125,2023-01-04T00:00:00+05:30,82.5,83.1,79.6,80.55,24618028,40.34552845528455,4.92807616320354,27.233891847761505,,,7.552113032722393,80.25357142857142,78.87,83.0725,74.6,Sell
126,2023-01-05T00:00:00+05:30,81.0,81.8,79.3,80.6,18355266,45.33029612756263,4.754642151546145,25.63963938945525,,,7.404022908272961,79.96071428571429,79.31500000000001,82.6775,75.179,Sell
127,2023-01-06T00:00:00+05:30,81.0,81.4,79.65,80.8,19809952,45.08009153318078,4.540024855007135,24.1592621067423,,,7.396924795763006,79.65357142857144,80.64,82.5325,75.737,Sell
128,2023-01-09T00:00:00+05:30,81.5,82.6,80.6,81.0,15145300,46.65885111371631,4.358594508220912,22.466705904483515,,,7.238669259710218,79.45000000000002,80.715,82.2025,76.28399999999999,Sell
129,2023-01-10T00:00:00+05:30,81.4,81.4,78.3,79.1,12580481,47.49403341288782,4.268694900490847,21.46750071539236,,,6.605754390396296,79.3,80.35,81.47,76.788,Sell
130,2023-01-11T00:00:00+05:30,79.5,79.7,77.35,78.45,16186993,53.06666666666666,4.131645264741501,20.76570598206282,,,5.476377950898869,79.46428571428571,80.255,80.6775,77.305,Sell
131,2023-01-12T00:00:00+05:30,78.85,79.0,77.6,78.05,9106012,67.91808873720136,3.9365277458313948,20.1140394439711,,,4.762755286176869,80.21428571428571,80.26,80.07750000000001,77.828,No Signal
132,2023-01-13T00:00:00+05:30,78.45,80.2,77.85,78.75,12099047,45.664739884393065,3.8232043354148675,19.124458987582955,,,4.524187353229165,80.10714285714286,80.095,79.78,78.325,No Signal
133,2023-01-16T00:00:00+05:30,79.1,83.4,79.05,82.95,34760901,50.526315789473685,3.8822611685995203,18.234352328458343,,,4.12723770716089,80.12142857142858,80.24999999999999,79.67249999999999,78.879,No Signal
134,2023-01-17T00:00:00+05:30,83.5,83.8,79.8,81.45,22262142,55.97667638483963,3.890671085128126,17.51521328624868,,,4.063320353640417,80.26785714285714,80.17,79.5525,79.337,No Signal
135,2023-01-18T00:00:00+05:30,81.5,82.25,80.65,81.25,8064214,60.18808777429466,3.7270517219046884,16.847441318482566,,,4.07495758900962,80.5,80.24,79.55499999999999,79.681,No Signal
136,2023-01-19T00:00:00+05:30,80.9,82.25,80.5,81.6,8762013,54.31654676258989,3.5858337417686394,16.173618978594714,,,3.969871260787655,80.58571428571429,80.34,79.82750000000001,79.976,No Signal
137,2023-01-20T00:00:00+05:30,81.95,83.5,80.65,81.25,25750876,49.43396226415092,3.533274188785165,15.936543110765212,,,1.8142314322645454,80.575,80.385,80.5125,80.264,Sell
138,2023-01-23T00:00:00+05:30,82.6,83.45,80.9,81.5,11880967,47.03557312252965,3.463040318157653,15.716401233494961,,,1.8267162946457645,80.52142857142857,80.435,80.575,80.59899999999999,Sell
139,2023-01-24T00:00:00+05:30,81.8,82.35,80.25,80.65,9090900,50.423728813559364,3.365680295432106,15.236089407574095,,,1.7341936099593442,80.52857142857144,80.59,80.47,80.95,No Signal
140,2023-01-25T00:00:00+05:30,80.45,80.45,77.5,78.4,11152007,42.142857142857174,3.350274560044099,14.555746403727797,,,1.856640589355538,80.37142857142855,80.58500000000001,80.42,81.197,No Signal
141,2023-01-27T00:00:00+05:30,78.45,78.8,72.35,74.9,23963704,32.947976878612735,3.571683520040949,15.364457871558262,,,2.4578324883092995,79.95,80.27000000000001,80.26500000000001,81.29,No Signal
142,2023-01-30T00:00:00+05:30,74.2,77.3,72.25,75.05,16941004,32.75362318840577,3.677277554323738,16.13897801982327,,,2.9021840843394435,79.52499999999999,79.9,79.9975,81.313,Sell
143,2023-01-31T00:00:00+05:30,75.5,79.3,75.0,78.5,13742963,48.404255319148945,3.7217577290148998,16.069297349135944,,,2.772403251512273,79.48214285714286,79.45500000000001,79.8525,81.36,Sell
144,2023-02-01T00:00:00+05:30,79.2,79.7,70.9,73.95,18757195,40.08810572687224,4.08448931979955,16.985742585876785,,,3.3360910038725717,79.16071428571429,78.705,79.4375,81.304,Sell
145,2023-02-02T00:00:00+05:30,73.6,75.95,71.55,73.4,16806203,39.824945295404824,4.107025796956726,17.83672744856471,,,3.8062150517266873,78.82857142857144,77.92,79.08,81.256,Sell
146,2023-02-03T00:00:00+05:30,73.9,74.9,70.7,73.9,19317133,39.29359823399559,4.113666811459817,18.81722928445755,,,4.054486088085193,78.48214285714286,77.15,78.745,81.16199999999999,Sell
147,2023-02-06T00:00:00+05:30,74.3,75.4,73.5,74.0,7329998,25.876010781671113,3.955547753498402,19.50979718747638,,,4.2344240194345595,77.84285714285714,76.425,78.405,81.112,Sell
148,2023-02-07T00:00:00+05:30,74.25,74.4,72.85,73.25,6350775,26.96629213483142,3.783722913962803,20.31344109577854,,,4.46664911052029,77.25714285714285,75.6,78.01750000000001,80.988,Sell
149,2023-02-08T00:00:00+05:30,73.25,73.95,72.3,72.7,9312500,26.446280991735506,3.6313141343940316,21.197431135918325,,,4.7695990778251725,76.64642857142857,74.805,77.6975,80.798,Sell
150,2023-02-09T00:00:00+05:30,72.7,73.65,71.4,72.55,8305455,24.791086350974894,3.5326488390801725,22.243223925073668,,,5.026140016462494,76.0,74.22,77.4025,80.616,Sell
151,2023-02-10T00:00:00+05:30,72.35,75.4,71.85,73.55,11809675,29.301075268817172,3.533888207717304,22.348544055307176,,,5.08768262317216,75.45,74.085,77.1775,80.457,Sell
152,2023-02-13T00:00:00+05:30,73.9,74.0,70.9,71.5,6107111,25.49019607843134,3.5028961928803533,22.71648279977315,,,5.4939499453857765,74.73571428571428,73.72999999999999,76.815,80.24600000000001,Sell
153,2023-02-14T00:00:00+05:30,71.5,72.25,69.95,71.8,7112400,27.707808564231684,3.416975036246042,23.32062362541294,,,5.293601442352513,74.10357142857143,73.06,76.25750000000001,80.024,Sell
154,2023-02-15T00:00:00+05:30,71.7,72.7,71.1,72.2,6064470,32.77777777777776,3.2871911050856113,23.645455858376952,,,5.120608333807934,73.66071428571429,72.885,75.795,79.705,Sell
155,2023-02-16T00:00:00+05:30,72.8,73.15,71.8,72.25,5460422,40.893470790377975,3.148820311865211,23.705725622909046,,,4.903347385135562,73.47142857142856,72.77,75.345,79.415,Sell
156,2023-02-17T00:00:00+05:30,71.65,71.75,70.55,70.9,4812342,36.82539682539684,3.045333146731982,24.156830837789325,,,4.726521171106512,73.175,72.47,74.81,79.063,Sell
157,2023-02-20T00:00:00+05:30,71.0,71.6,69.9,70.4,5267372,18.359374999999986,2.9492379219654112,24.772700341027548,,,4.437837786627114,72.59642857142858,72.11,74.2675,78.79700000000001,Sell
158,2023-02-21T00:00:00+05:30,70.6,70.85,69.15,69.55,7033623,25.824175824175768,2.860006641825024,25.56873164377042,,,4.016437306459163,72.28214285714286,71.74,73.66999999999999,78.43599999999999,Sell
159,2023-02-22T00:00:00+05:30,69.5,69.55,67.25,67.6,7708120,22.380952380952337,2.820006167408951,26.82502638146787,,,3.83763062450479,71.86785714285715,71.22999999999999,73.01750000000001,77.913,Sell
160,2023-02-23T00:00:00+05:30,67.3,68.6,66.45,68.0,9840051,21.634615384615373,2.7721485840225966,28.189444112870525,,,3.675191340907096,71.44642857142857,70.775,72.4975,77.387,Sell
161,2023-02-24T00:00:00+05:30,69.1,69.5,66.0,66.85,9881953,18.777292576419228,2.8241379708781253,28.87532245394468,,,4.08296782663778,70.93571428571428,70.105,72.095,76.923,Sell
162,2023-02-27T00:00:00+05:30,66.7,67.1,65.35,66.45,10301884,19.36936936936941,2.7474138301011166,29.69686868731339,,,4.38047891902481,70.45,69.6,71.66499999999999,76.558,Sell
163,2023-02-28T00:00:00+05:30,66.5,67.6,66.25,67.25,8770598,25.991189427312776,2.647598556522465,30.12602976041065,,,3.8509758887993772,70.06071428571428,69.145,71.10249999999999,76.20100000000001,Sell
164,2023-03-01T00:00:00+05:30,67.2,68.4,66.9,67.3,19101022,26.666666666666657,2.5656272310565744,29.998823466616336,,,3.910118087321169,69.68571428571428,68.655,70.77,75.87,Sell
165,2023-03-02T00:00:00+05:30,67.5,68.2,66.6,66.85,10632545,18.69158878504672,2.496653857409677,29.990402811091005,,,4.029644336201244,69.20714285714286,68.11500000000001,70.4425,75.583,Sell
166,2023-03-03T00:00:00+05:30,67.55,73.0,67.75,72.4,42868389,53.169014084507054,2.757607153308986,28.215992484387648,,,3.607916248715405,69.27142857142857,68.265,70.36749999999999,75.508,Sell
167,2023-03-06T00:00:00+05:30,74.0,75.6,71.25,72.2,22244831,51.41843971631208,2.871349499501201,27.489337980939872,,,3.475589805787166,69.3,68.445,70.2775,75.601,Sell
168,2023-03-08T00:00:00+05:30,71.25,73.65,70.65,73.4,13936441,54.0268456375839,2.880538820965401,26.539041276033263,,,3.4317896010419493,69.38571428571429,68.83000000000001,70.285,75.464,Sell
169,2023-03-09T00:00:00+05:30,73.45,73.9,71.75,72.25,8342761,50.0,2.82835747661073,25.745209512741962,,,3.457647933227552,69.38571428571429,69.295,70.2625,75.254,Sell
170,2023-03-10T00:00:00+05:30,71.4,71.4,69.7,70.55,7850068,48.92966360856267,2.8084747997099635,24.07495166522854,,,3.4601597302922027,69.36071428571428,69.55,70.1625,75.077,Sell
171,2023-03-13T00:00:00+05:30,70.7,71.45,68.7,69.25,9150760,46.6472303206997,2.804298028302109,22.596948562453424,,,3.340203043130911,69.27857142857144,69.78999999999999,69.9475,74.902,Sell
172,2023-03-14T00:00:00+05:30,69.0,69.6,65.7,66.2,15392822,41.343669250646016,2.8825624548519575,22.283731216862076,,,3.66567376891457,69.03928571428571,69.76500000000001,69.6825,74.618,No Signal
173,2023-03-15T00:00:00+05:30,67.5,68.3,65.1,65.6,10952781,44.44444444444445,2.905236565219675,22.179829874720543,,,3.865106181380831,68.89642857142857,69.6,69.3725,74.30199999999999,No Signal
174,2023-03-16T00:00:00+05:30,65.0,65.4,63.5,64.5,16874662,40.64171122994653,2.8477196677039838,22.559295479804614,,,4.131585449162868,68.64642857142857,69.32,68.9875,73.947,No Signal
175,2023-03-17T00:00:00+05:30,65.7,65.95,63.8,64.8,11370318,44.257703081232506,2.797882548582271,22.636500633995762,,,4.174713369337052,68.5,69.115,68.615,73.632,No Signal
176,2023-03-20T00:00:00+05:30,64.8,64.85,63.15,63.5,7812049,42.13333333333334,2.71946236654068,22.910170471634956,,,4.530478886962679,68.28928571428571,68.225,68.24499999999999,73.29,Sell
177,2023-03-21T00:00:00+05:30,64.0,65.2,63.35,64.95,8181133,44.072164948453626,2.6573579117877744,22.974388364800507,,,4.495429822817314,68.125,67.5,67.9725,72.973,Sell
178,2023-03-22T00:00:00+05:30,65.3,66.85,65.05,65.8,8929295,46.287128712871294,2.603260918088647,22.181181619910824,,,4.458240460160976,68.01785714285714,66.74,67.785,72.66900000000001,Sell
179,2023-03-23T00:00:00+05:30,65.5,66.0,64.2,64.65,5873037,44.736842105263186,2.545885138225172,21.764319068393288,,,4.665599120751274,67.86071428571428,65.97999999999999,67.6375,72.38,Sell
180,2023-03-24T00:00:00+05:30,65.0,65.8,62.55,63.4,9123220,22.891566265060234,2.596179056923374,21.950714421071268,,,4.982978790935282,67.21785714285714,65.265,67.4075,72.079,Sell
181,2023-03-27T00:00:00+05:30,63.5,63.85,61.55,62.05,5843957,21.40845070422533,2.5750234100002762,22.442226327538076,,,5.444807502513551,66.49285714285715,64.545,67.1675,71.759,Sell
182,2023-03-28T00:00:00+05:30,62.15,63.0,60.35,61.6,9337307,15.294117647058798,2.5803788807145422,23.258470295555366,,,5.843414122825961,65.65,64.085,66.925,71.416,Sell
183,2023-03-29T00:00:00+05:30,61.65,67.75,61.3,66.4,14440488,35.835351089588386,2.8567803892349324,21.79987324356278,,,5.422472453724612,65.23214285714286,64.165,66.88250000000001,71.085,Sell
184,2023-03-31T00:00:00+05:30,66.8,67.3,65.35,66.3,11543858,38.84514435695538,2.7920103614324376,20.445461695283946,,,5.431918752120153,64.92857142857143,64.345,66.83250000000001,70.782,Sell
185,2023-04-03T00:00:00+05:30,67.0,68.25,66.3,67.75,7259749,46.09374999999999,2.731866764187264,19.157151129947884,,,5.324295841517895,64.82142857142857,64.64,66.87750000000001,70.512,Sell
186,2023-04-05T00:00:00+05:30,67.8,68.2,67.0,67.3,5028046,53.31325301204818,2.6224477096024597,17.960862747850115,,,5.005413278130993,64.9,65.02,66.6225,70.226,Sell
187,2023-04-06T00:00:00+05:30,67.15,68.4,66.75,67.05,8132479,54.461538461538474,2.55298715891657,16.737857599592797,,,4.633096950768674,65.00357142857142,65.23,66.365,69.94200000000001,Sell
188,2023-04-10T00:00:00+05:30,67.25,68.15,66.4,66.6,6368402,56.73076923076921,2.4956309332796724,15.64513861125433,,,3.95174843572979,65.15357142857142,65.30999999999999,66.025,69.644,Sell
189,2023-04-11T00:00:00+05:30,67.2,69.7,67.2,68.15,10300701,59.940652818991104,2.538800152331125,15.129669993446512,,,3.3074477453923166,65.39285714285714,65.66,65.82,69.394,Sell
190,2023-04-12T00:00:00+05:30,68.4,68.65,67.25,67.6,5663808,62.73291925465834,2.457457284307474,14.651020562624968,,,2.975898683237998,65.68571428571428,66.08,65.67249999999999,69.178,No Signal
191,2023-04-13T00:00:00+05:30,67.75,70.5,67.3,69.7,9984172,64.1791044776119,2.510496049714083,14.982828417480906,,,2.949581241539007,66.025,66.845,65.695,69.074,No Signal
192,2023-04-17T00:00:00+05:30,69.7,73.5,69.1,73.05,18673347,68.83116883116878,2.645460617591649,16.280579004003062,,,3.6054514733444982,66.54285714285714,67.99000000000001,66.0375,69.034,No Signal
193,2023-04-18T00:00:00+05:30,73.55,74.3,73.05,73.5,12294925,73.85444743935301,2.5457848591922456,17.709985632742296,,,4.235969465243693,67.175,68.7,66.4325,68.93400000000001,No Signal
194,2023-04-19T00:00:00+05:30,73.5,74.6,72.0,72.55,7240919,75.06849315068486,2.549657369249942,18.431018849907314,,,4.632617492470297,67.82857142857142,69.325,66.83500000000001,68.90599999999999,No Signal
195,2023-04-20T00:00:00+05:30,72.75,73.35,72.0,72.35,4507244,80.11695906432739,2.46396755716066,19.10054969441769,,,4.892357523219932,68.56428571428572,69.785,67.2125,68.885,No Signal
196,2023-04-21T00:00:00+05:30,72.5,72.55,70.9,71.3,5189228,77.40112994350272,2.4058270173634697,19.080103996551138,,,4.963184724807785,69.25714285714285,70.185,67.60249999999999,68.833,No Signal
197,2023-04-24T00:00:00+05:30,71.4,73.9,70.85,73.55,10861575,73.5973597359735,2.45183937326608,19.554393808428166,,,5.054337190416964,69.76785714285714,70.835,68.0325,68.82400000000001,No Signal
198,2023-04-25T00:00:00+05:30,74.1,75.2,73.4,73.85,11071640,74.59283387622143,2.4052794180327886,20.42489748028936,,,5.27366489750859,70.30714285714286,71.56,68.435,68.836,No Signal
199,2023-04-26T00:00:00+05:30,73.8,75.2,73.25,74.9,9494184,73.91304347826082,2.3727594596018755,21.13938135766677,,,5.396440554881137,70.81785714285714,72.23499999999999,68.94749999999999,68.88,No Signal
200,2023-04-27T00:00:00+05:30,75.0,75.2,73.9,74.2,7673542,72.69736842105257,2.296133783916027,21.802830672374366,,,5.367638548599586,71.31071428571428,72.89500000000001,69.4875,68.913,No Signal
201,2023-04-28T00:00:00+05:30,74.75,76.35,74.45,75.85,13167053,76.50602409638547,2.285695656493453,22.823640391309695,,,5.034227955777239,71.93928571428572,73.51,70.1775,68.959,No Signal
202,2023-05-02T00:00:00+05:30,76.9,77.6,76.3,76.5,8828494,79.46428571428567,2.247431681029635,24.168853251554133,,,4.57105693149404,72.64642857142857,73.85499999999999,70.9225,69.059,No Signal
203,2023-05-03T00:00:00+05:30,76.45,76.45,74.8,75.75,8091935,73.74999999999994,2.208329418098947,24.394906077198545,,,4.6011955939443085,73.18928571428572,74.08,71.39,69.13799999999999,No Signal
204,2023-05-04T00:00:00+05:30,76.45,77.75,76.1,77.4,9015582,78.65497076023391,2.1934487453775935,25.052397903820516,,,4.5424580755219175,73.88928571428572,74.565,71.945,69.242,Buy
205,2023-05-05T00:00:00+05:30,77.35,78.8,76.1,76.4,11070348,70.93749999999999,2.229630977850623,25.993852322463873,,,4.587272758105967,74.36785714285713,74.97,72.3775,69.325,Buy
206,2023-05-08T00:00:00+05:30,77.4,77.85,73.3,73.9,23789710,52.80528052805283,2.395371622289864,25.219862205875273,,,4.474348514594243,74.42857142857143,75.22999999999999,72.70750000000001,69.385,Buy
207,2023-05-09T00:00:00+05:30,74.5,75.0,71.8,72.1,12031576,45.75757575757576,2.452845077840588,23.77858806864018,,,4.20708230604722,74.32857142857142,75.08500000000001,72.96000000000001,69.419,No Signal
208,2023-05-10T00:00:00+05:30,72.35,72.55,69.85,70.4,12785182,43.76811594202902,2.470499000851975,22.541654593305125,,,3.8585536860980207,74.175,74.74000000000001,73.15,69.436,No Signal
209,2023-05-11T00:00:00+05:30,71.2,71.5,70.05,70.45,8268739,44.44444444444447,2.3976062150768342,21.39307350906543,,,3.600170868098693,74.03928571428571,74.295,73.265,69.493,No Signal
210,2023-05-12T00:00:00+05:30,70.45,71.9,70.05,71.45,7808656,50.43988269794723,2.3584914854284897,20.133444723719855,,,3.0912128845371627,74.05,74.02000000000001,73.4575,69.56200000000001,No Signal
211,2023-05-15T00:00:00+05:30,71.6,71.7,70.1,70.75,10968146,40.96774193548389,2.304313522183598,18.96378942304182,,,3.0043408207489146,73.85000000000001,73.51,73.51,69.64,No Signal
212,2023-05-16T00:00:00+05:30,71.1,72.55,70.9,71.6,10603016,42.99065420560748,2.2682911277419127,17.777256293625147,,,3.025730299607329,73.68928571428572,73.02000000000001,73.4375,69.743,Sell
213,2023-05-17T00:00:00+05:30,71.6,72.3,70.25,70.9,7036039,37.26114649681527,2.2526989043317758,16.67760385750057,,,3.158334911572702,73.40357142857144,72.535,73.3075,69.816,Sell
214,2023-05-18T00:00:00+05:30,71.2,71.7,69.85,70.15,5239576,37.14285714285714,2.223934696879507,15.863889498450169,,,3.3412030578240595,73.11428571428571,71.81,73.1875,69.87299999999999,Sell
215,2023-05-19T00:00:00+05:30,70.3,70.5,68.55,69.35,8150331,28.18791946308727,2.204367932816685,15.746173974988732,,,3.5928059476325678,72.65,71.105,73.0375,69.923,Sell
216,2023-05-22T00:00:00+05:30,69.7,70.4,69.15,70.05,5180924,28.42809364548495,2.1361987947583505,15.636866703203113,,,3.6437173853799814,72.18928571428572,70.72,72.975,69.87599999999999,Sell
217,2023-05-23T00:00:00+05:30,70.35,70.6,69.4,69.7,6368803,29.209621993127143,2.06932745227561,15.400390764411632,,,3.8021350525152346,71.75714285714285,70.48,72.7825,69.82600000000001,Sell
218,2023-05-24T00:00:00+05:30,69.5,69.85,68.75,68.95,4951645,19.047619047619023,2.0000897771130663,15.523590900609173,,,4.017393926446551,71.15357142857144,70.33500000000001,72.5375,69.737,Sell
219,2023-05-25T00:00:00+05:30,68.7,69.6,68.4,69.3,5129844,22.692307692307637,1.9429405073192751,15.820104958217408,,,4.042524248686637,70.64642857142857,70.22,72.25750000000001,69.678,Sell
220,2023-05-26T00:00:00+05:30,69.6,70.45,69.45,70.0,7051829,32.58928571428568,1.8863018996536132,15.458864026387287,,,4.008012584371178,70.36785714285715,70.075,72.0475,69.667,Sell
221,2023-05-29T00:00:00+05:30,70.7,70.8,70.05,70.3,5386723,40.721649484536066,1.808708906821212,14.870516657069636,,,3.8142776155810356,70.23928571428571,70.03,71.77,69.688,Sell
222,2023-05-30T00:00:00+05:30,70.3,70.75,69.7,70.4,4888748,50.0,1.7545154134768397,14.544741320938618,,,3.4832857089260107,70.23928571428571,69.91,71.465,69.77199999999999,Sell
223,2023-05-31T00:00:00+05:30,70.2,71.4,69.55,71.1,6505613,53.71428571428567,1.7613357410856376,13.750519172128687,,,3.144074244233547,70.28571428571429,69.92999999999999,71.23249999999999,69.882,Sell
224,2023-06-01T00:00:00+05:30,71.15,72.8,71.15,72.3,9756887,54.74860335195528,1.756954616722378,13.457801744372608,,,2.3903296065684856,70.34642857142858,70.14500000000001,70.9775,70.038,Sell
225,2023-06-02T00:00:00+05:30,72.9,73.15,72.5,72.75,4655629,61.494252873563234,1.6921721440993516,13.398459249939961,,,1.7220286806837608,70.48928571428571,70.48499999999999,70.795,70.197,Sell
226,2023-06-05T00:00:00+05:30,73.2,73.45,72.5,72.6,3763231,56.25,1.6391598480922553,13.527427402648485,,,1.5270336938001634,70.56071428571428,70.74,70.72999999999999,70.37899999999999,No Signal
227,2023-06-06T00:00:00+05:30,72.65,72.9,71.7,72.15,4019159,58.064516129032256,1.6077912875142373,13.00461270844615,,,1.541136417052014,70.65,70.98499999999999,70.7325,70.523,No Signal
228,2023-06-07T00:00:00+05:30,72.3,72.95,72.15,72.35,4184188,65.27777777777771,1.5500919098346488,12.554169262183375,,,1.6108437818341739,70.80714285714286,71.325,70.83,70.654,No Signal
229,2023-06-08T00:00:00+05:30,72.55,73.35,71.45,71.75,5500883,67.14285714285725,1.575085344846459,11.73586307122046,,,1.6436323608118162,70.97857142857143,71.57,70.89500000000001,70.796,No Signal
230,2023-06-09T00:00:00+05:30,71.9,72.45,71.4,71.75,3901894,63.492063492063586,1.5375792487859974,11.015492119921488,,,1.656596806489163,71.1,71.74499999999999,70.91,70.96300000000001,No Signal
231,2023-06-12T00:00:00+05:30,72.0,72.0,71.2,71.7,2745575,66.66666666666674,1.4848950167298545,10.511737394710913,,,1.6747523464585805,71.24285714285715,71.885,70.95750000000001,71.15599999999999,No Signal
232,2023-06-13T00:00:00+05:30,71.9,72.4,71.6,72.25,4163026,78.4482758620691,1.4359739441062942,9.835745027404139,,,1.6990993538463426,71.47857142857143,72.07000000000001,70.99000000000001,71.369,No Signal
233,2023-06-14T00:00:00+05:30,72.5,72.85,71.75,72.0,3998517,73.68421052631592,1.4119758052415585,9.597991786523702,,,1.733096798413441,71.67142857142856,72.16,71.045,71.481,No Signal
234,2023-06-15T00:00:00+05:30,72.1,72.55,70.05,70.25,7582805,51.85185185185187,1.4896918191528759,9.842202307273778,,,1.7711742812593574,71.68928571428572,71.955,71.05,71.56,No Signal
235,2023-06-16T00:00:00+05:30,70.5,71.45,70.3,71.1,5334103,55.47945205479452,1.4689995463562422,10.068969219398848,,,1.6570846227776432,71.74642857142857,71.78999999999999,71.1375,71.62700000000001,No Signal
236,2023-06-19T00:00:00+05:30,71.4,72.55,71.1,71.45,8515185,56.95364238410597,1.467642435902225,9.396190964428627,,,1.611561571385333,71.82142857142857,71.675,71.20750000000001,71.71,No Signal
237,2023-06-20T00:00:00+05:30,71.65,71.95,70.25,71.0,7715364,49.315068493150726,1.484239404766352,9.335932160987573,,,1.5454962169729887,71.81428571428572,71.55999999999999,71.27250000000001,71.789,No Signal
238,2023-06-21T00:00:00+05:30,71.25,71.35,70.55,70.7,7146886,37.5,1.4353651615687553,9.27997755779231,,,1.363560908139986,71.7,71.39500000000001,71.36,71.871,No Signal
239,2023-06-22T00:00:00+05:30,70.9,70.9,69.9,70.05,5151755,29.54545454545446,1.40426765002813,9.717961192997288,,,1.2727341135474635,71.50714285714285,71.225,71.39750000000001,71.90899999999999,Sell
240,2023-06-23T00:00:00+05:30,70.1,70.2,68.7,68.95,6466078,25.827814569536386,1.4111056750261206,10.908753457421087,,,1.4535478133538626,71.24642857142857,70.94500000000001,71.345,71.93599999999999,Sell
241,2023-06-26T00:00:00+05:30,69.3,69.5,68.0,68.55,6852216,25.9999999999999,1.417455269667112,12.410826682907325,,,1.6950053185338056,70.98928571428571,70.63,71.25750000000001,71.913,Sell
242,2023-06-27T00:00:00+05:30,68.5,70.6,68.5,70.45,7699078,39.67391304347831,1.4662084646908895,12.739430565821863,,,1.6466093641914439,70.85357142857143,70.45,71.26,71.86099999999999,Sell
243,2023-06-28T00:00:00+05:30,71.0,71.55,70.45,70.7,7699314,44.06779661016951,1.4400507172129684,12.24885288731078,,,1.64974666170477,70.77857142857142,70.32000000000001,71.24000000000001,71.805,Sell
244,2023-06-30T00:00:00+05:30,71.0,72.45,70.8,72.35,11529311,52.85714285714283,1.4621899516977563,11.624052987501589,,,1.6154989646839153,70.82142857142857,70.53,71.24249999999999,71.801,Sell
245,2023-07-03T00:00:00+05:30,72.6,75.05,72.45,74.95,22000529,62.45210727969348,1.5506049551479169,12.532385146861065,,,1.8665916725273457,71.05357142857143,70.91499999999999,71.35249999999999,71.853,Sell
246,2023-07-04T00:00:00+05:30,75.3,76.8,73.85,76.3,27277501,64.62093862815883,1.650561744065923,14.107284413651719,,,2.317826761617786,71.34285714285714,71.4,71.5375,71.953,Sell
247,2023-07-05T00:00:00+05:30,76.6,77.85,75.9,77.7,20454290,68.99999999999999,1.6719501909183563,15.945484849653702,,,2.885166587076144,71.75,72.07000000000001,71.815,72.036,No Signal
248,2023-07-06T00:00:00+05:30,77.95,80.0,77.65,79.65,23601785,80.92105263157893,1.7203823201384734,18.299632611991555,,,3.573450481170543,72.42142857142858,72.965,72.17999999999999,72.152,No Signal
249,2023-07-07T00:00:00+05:30,80.0,80.55,77.8,80.05,20485259,80.33898305084745,1.7939264401285824,20.631045317058973,,,4.175079395955242,73.06071428571428,73.965,72.595,72.255,No Signal
250,2023-07-10T00:00:00+05:30,80.75,82.35,80.2,80.85,20363699,80.92105263157892,1.8300745515479693,23.227435938684632,,,4.7099873441204965,73.73214285714286,75.155,73.05,72.388,No Signal
251,2023-07-11T00:00:00+05:30,81.7,81.7,80.2,80.9,10187904,83.44594594594594,1.8064977978659715,25.63837008733703,94.3,89.585,5.159960749998952,74.43928571428572,76.39000000000001,73.50999999999999,72.489,Buy
252,2023-07-12T00:00:00+05:30,81.4,83.2,81.2,82.1,17290734,86.3057324840764,1.8417479551612592,28.203890184156894,94.3,89.585,5.577763262275381,75.25357142857142,77.55499999999999,74.0025,72.601,Buy
253,2023-07-13T00:00:00+05:30,82.75,83.05,80.1,81.0,12635163,83.90092879256969,1.9209088155068839,29.692042412961573,94.3,89.585,5.936626513579988,76.03571428571429,78.585,74.4525,72.706,Buy
254,2023-07-14T00:00:00+05:30,81.2,81.85,79.85,81.2,10229266,90.1639344262295,1.9265581858278207,30.875771755103038,94.3,89.585,6.067627094080709,76.91071428571429,79.47,75.0,72.782,Buy
255,2023-07-17T00:00:00+05:30,81.35,83.4,80.95,83.0,13795396,93.39339339339342,1.9639468868401195,32.39919323828558,94.3,89.585,6.198641271792584,77.94285714285715,80.275,75.595,72.914,Buy
256,2023-07-18T00:00:00+05:30,83.7,83.8,82.15,83.0,14046825,92.54237288135596,1.9415221092086818,33.91554559004646,94.3,89.585,6.386722800368841,78.83928571428571,80.94500000000001,76.1725,73.09599999999999,Buy
257,2023-07-19T00:00:00+05:30,83.3,85.25,82.8,85.0,16524777,93.33333333333336,1.977841958550919,35.66879024440661,94.3,89.585,6.473556172694997,79.86071428571428,81.675,76.8725,73.354,Buy
258,2023-07-20T00:00:00+05:30,85.5,87.9,85.5,87.05,26505159,93.49112426035506,2.043710390082997,37.80182280044553,94.3,89.585,6.601220785708723,80.91071428571429,82.41499999999999,77.69,73.687,Buy
259,2023-07-21T00:00:00+05:30,90.25,91.2,89.0,90.3,47176834,93.73219373219376,2.194159647934212,40.240046802226715,94.3,89.585,6.757850932218693,82.00714285714287,83.44,78.7025,74.084,Buy
260,2023-07-24T00:00:00+05:30,91.0,94.25,87.8,88.6,43051982,84.35754189944134,2.49814824451034,42.817015187476336,94.3,89.585,6.806944755954405,82.88571428571429,84.215,79.68499999999999,74.42699999999999,Buy
261,2023-07-25T00:00:00+05:30,89.05,90.3,86.75,88.1,15600239,80.58823529411765,2.5732805127596015,44.52092660318525,94.3,89.585,6.477668443874672,83.62857142857142,84.935,80.6625,74.774,Buy
262,2023-07-26T00:00:00+05:30,88.95,91.35,88.35,91.1,17728604,81.7174515235457,2.6216176189910585,46.23557991131143,94.3,89.585,6.179372353677932,84.44642857142857,85.83500000000001,81.695,75.164,Buy
263,2023-07-27T00:00:00+05:30,91.7,93.0,91.45,92.25,14396761,82.4468085106383,2.5700735033488407,48.02121764357725,94.3,89.585,5.934310627047018,85.31785714285715,86.96000000000001,82.7725,75.591,Buy
264,2023-07-28T00:00:00+05:30,89.8,91.3,89.3,90.35,18585281,73.86934673366834,2.5972111102524953,48.361480644957666,94.3,89.585,5.689157126526157,85.99642857142858,87.875,83.6725,75.995,Buy
265,2023-07-31T00:00:00+05:30,90.5,90.55,88.35,89.4,17159696,70.43269230769232,2.568838888091603,48.14520381165083,94.3,89.585,5.433285698596331,86.60357142857143,88.515,84.395,76.396,Buy
266,2023-08-01T00:00:00+05:30,89.55,90.2,88.75,89.9,8694405,69.4029850746269,2.488921824656489,47.9443753235802,94.3,89.585,5.128063413077216,87.16071428571429,89.205,85.075,76.793,Buy
267,2023-08-02T00:00:00+05:30,89.3,90.75,86.3,87.8,16309963,66.11374407582937,2.6289988371810256,46.43639475215616,94.3,89.585,4.900539393433216,87.64642857142859,89.48499999999999,85.58,77.155,Buy
268,2023-08-03T00:00:00+05:30,87.4,88.4,86.5,87.1,8011727,63.65740740740738,2.5769274916680955,45.03612707869098,94.3,89.585,4.6830546724333875,88.06785714285715,89.49,85.9525,77.518,Buy
269,2023-08-04T00:00:00+05:30,87.7,88.65,87.2,88.2,8061369,62.44019138755981,2.5035755279775183,43.813443716832765,94.3,89.585,4.375764801441219,88.43928571428572,89.28,86.36,77.896,Buy
270,2023-08-07T00:00:00+05:30,88.25,88.55,86.0,86.35,5401981,57.362637362637344,2.5068915616934095,42.0270564932237,94.3,89.585,4.210318124552719,88.67857142857143,89.055,86.635,78.223,Buy
271,2023-08-08T00:00:00+05:30,86.5,90.5,86.35,90.45,13472034,60.96579476861166,2.6242564501438808,41.01126977878649,94.3,89.585,3.8318624671335337,89.06785714285715,89.28999999999999,87.1125,78.626,Buy
272,2023-08-09T00:00:00+05:30,90.5,91.85,89.3,90.8,17114409,58.099352051835844,2.618952417990746,40.46174385334899,94.3,89.585,3.6868299008955323,89.33571428571429,89.26,87.5475,79.03399999999999,Buy
273,2023-08-10T00:00:00+05:30,91.1,91.45,89.1,90.05,9374213,49.39467312348668,2.599741530991408,39.83687075998119,94.3,89.585,3.3433941565325553,89.31785714285714,89.03999999999999,88.0,79.413,Buy
274,2023-08-11T00:00:00+05:30,90.25,93.35,89.65,91.2,24304590,56.467661691542304,2.678331421634878,39.79133031191134,94.3,89.585,2.881619616428141,89.50357142857142,89.125,88.5,79.791,Buy
275,2023-08-14T00:00:00+05:30,91.9,92.65,89.0,92.05,15215205,59.65770171149144,2.74773632008953,39.363066214575824,94.3,89.585,2.60778337120168,89.78571428571429,89.39,88.9525,80.17699999999999,Buy
276,2023-08-16T00:00:00+05:30,92.0,95.15,91.15,93.6,25136958,56.57894736842105,2.837183725797421,39.62043204352524,94.3,89.585,2.325649659078178,89.96428571428571,89.76,89.48249999999999,80.597,Buy
277,2023-08-17T00:00:00+05:30,94.25,96.2,93.7,94.5,18986601,55.99999999999999,2.8202420310976057,40.09960507280399,94.5,89.77499999999999,2.31078098623354,90.125,90.42999999999999,89.9575,81.044,Buy
278,2023-08-18T00:00:00+05:30,94.5,96.75,92.9,94.2,18491799,61.22448979591837,2.8937961717334906,40.06224693227966,94.5,89.77499999999999,2.4058916688693546,90.39999999999999,91.14,90.315,81.481,Buy
279,2023-08-21T00:00:00+05:30,94.75,94.75,91.5,91.7,11573943,56.14973262032083,2.919239302323956,39.22990917176651,94.5,89.77499999999999,2.4944223717876928,90.5642857142857,91.49,90.385,81.88,Buy
280,2023-08-22T00:00:00+05:30,92.45,93.15,89.7,89.9,17050932,50.0,2.9571507807293878,37.54228428525814,94.5,89.77499999999999,2.5052190375896926,90.56428571428572,91.845,90.45,82.243,Buy
281,2023-08-23T00:00:00+05:30,90.65,92.95,89.8,92.5,18629704,61.46341463414634,2.9709257249630032,35.975204033500376,94.5,89.77499999999999,2.405726639571193,90.89999999999999,92.05,90.66999999999999,82.65899999999999,Buy
282,2023-08-24T00:00:00+05:30,93.35,93.75,91.0,91.2,10185154,59.71563981042656,2.9551453160370746,34.81480066417398,94.5,89.77499999999999,2.4412568130624246,91.19285714285715,92.09,90.675,83.03800000000001,Buy
283,2023-08-25T00:00:00+05:30,91.3,91.3,89.1,89.7,9742723,53.48837209302325,2.9012063648915696,32.786692666499945,94.5,89.77499999999999,2.4575139996241178,91.29999999999998,92.05499999999999,90.5475,83.39200000000001,Buy
284,2023-08-28T00:00:00+05:30,90.25,92.3,90.1,92.1,9698486,63.03854875283448,2.8796916245421715,31.299605652147843,94.5,89.77499999999999,2.422054999561511,91.71071428571429,92.145,90.63499999999999,83.829,Buy
285,2023-08-29T00:00:00+05:30,91.5,91.5,85.15,86.55,73188095,41.702127659574444,3.170427937074873,30.129246423692003,94.5,89.77499999999999,2.7712068254086257,91.43214285714285,91.595,90.4925,84.13799999999999,Buy
286,2023-08-30T00:00:00+05:30,87.45,87.9,86.55,86.8,18630644,41.45299145299145,3.040397370140954,29.042484282983008,94.5,89.77499999999999,2.9205798654388446,91.14642857142857,90.91499999999999,90.3375,84.445,Buy
287,2023-08-31T00:00:00+05:30,87.0,87.45,85.55,85.95,13609021,41.276595744680854,2.9589404151308862,28.357012045027663,94.5,89.77499999999999,3.098366883464217,90.85357142857143,90.06,90.245,84.744,Sell
288,2023-09-01T00:00:00+05:30,85.9,86.6,84.85,86.1,23952482,38.66666666666662,2.872587528335823,27.942585048683117,94.5,89.77499999999999,3.1749765082108374,90.48928571428571,89.25,90.19500000000001,85.052,Sell
289,2023-09-04T00:00:00+05:30,86.9,88.3,86.6,88.1,23395499,41.649048625792794,2.8245455620261217,26.75510680302117,94.5,89.77499999999999,3.1073602877456286,90.20714285714287,88.89,90.19,85.413,Sell
290,2023-09-05T00:00:00+05:30,88.8,90.35,88.6,89.85,28099135,42.1383647798742,2.78350659330997,24.881650812045937,94.5,89.77499999999999,2.8791490890105393,89.9392857142857,88.885,90.365,85.831,Sell
291,2023-09-06T00:00:00+05:30,90.3,90.35,87.75,88.0,12354854,36.89516129032255,2.7703989795021147,23.39245367013885,94.5,89.77499999999999,3.000158296082561,89.475,88.435,90.2425,86.22,Sell
292,2023-09-07T00:00:00+05:30,88.35,89.3,88.1,88.75,9238847,39.207920792079186,2.6653704809662493,22.009627752653696,94.5,89.77499999999999,2.993910719083386,89.08571428571429,88.19,90.14,86.586,Sell
293,2023-09-08T00:00:00+05:30,89.1,89.4,87.8,88.1,12663533,42.30769230769228,2.589272589468661,20.850521423512404,94.5,89.77499999999999,3.060230605008767,88.82857142857144,88.03,90.04249999999999,86.93400000000001,Sell
294,2023-09-11T00:00:00+05:30,88.95,90.3,88.65,89.75,27680357,49.6774193548387,2.561467404506614,19.368400881742666,94.5,89.77499999999999,2.989149565364576,88.81785714285715,87.795,89.97,87.28200000000001,Sell
295,2023-09-12T00:00:00+05:30,90.95,93.2,87.05,87.6,33841583,39.25438596491226,2.8177911613275706,19.146458444862617,94.5,89.77499999999999,3.0658750707080276,88.46785714285714,87.89999999999999,89.74749999999999,87.535,Sell
296,2023-09-13T00:00:00+05:30,88.5,91.2,86.7,90.5,31757883,48.565573770491795,2.9379489355184583,18.769361802092437,94.5,89.77499999999999,2.803319089168081,88.41785714285713,88.27,89.5925,87.819,Sell
297,2023-09-14T00:00:00+05:30,91.9,94.95,91.35,94.5,72888682,58.921933085501855,3.045952582981426,19.600376463800554,94.5,89.77499999999999,2.6846600801027654,88.76071428571429,89.12499999999999,89.5925,88.155,Sell
298,2023-09-15T00:00:00+05:30,95.6,98.2,95.0,96.1,99069052,57.662835249042146,3.09267025562561,21.127448629733678,96.1,91.29499999999999,2.85703697057937,89.04642857142856,90.125,89.6875,88.484,No Signal
299,2023-09-18T00:00:00+05:30,96.9,100.65,96.25,98.9,131476651,76.44539614561029,3.196765237366639,23.008410090104157,98.9,93.955,3.452009496730897,89.92857142857143,91.205,90.04749999999999,88.861,No Signal
300,2023-09-20T00:00:00+05:30,98.9,102.8,98.0,99.6,72274128,76.890756302521,3.3112820061261647,25.107875826827495,99.6,94.61999999999999,4.04227716142303,90.84285714285714,92.17999999999999,90.5325,89.236,Buy
301,2023-09-21T00:00:00+05:30,100.0,101.3,95.5,96.4,52993911,69.980879541109,3.489047577117153,25.91067817531145,99.6,94.61999999999999,4.373825414611906,91.58928571428571,93.02,90.72749999999999,89.546,Buy
302,2023-09-22T00:00:00+05:30,97.5,102.9,97.5,101.85,92167212,75.03974562798092,3.7041156073230708,26.96389348215952,101.85,96.7575,4.807847540974991,92.71428571428571,94.33,91.26,89.941,Buy
303,2023-09-25T00:00:00+05:30,103.0,104.3,99.85,102.05,45748823,73.52445193929175,3.757393063942852,28.19603893306335,102.05,96.94749999999999,5.32919826777583,93.71071428571427,95.725,91.8775,90.36200000000001,Buy
304,2023-09-26T00:00:00+05:30,102.25,102.85,99.15,99.7,31727799,66.28099173553721,3.753293559375505,29.018000515984006,102.05,96.94749999999999,5.730571093944023,94.41428571428571,96.72,92.25750000000001,90.73200000000001,Buy
305,2023-09-27T00:00:00+05:30,100.05,103.4,99.6,102.4,38039844,73.15112540192928,3.756629733705827,29.89229073958528,102.4,97.28,5.833382761658043,95.44285714285715,98.2,93.04999999999998,91.12,Buy
306,2023-09-28T00:00:00+05:30,102.8,104.95,101.5,102.5,47139306,72.57799671592775,3.734727609869697,31.008620662865553,102.5,97.375,5.988437673268815,96.425,99.4,93.835,91.51,Buy
307,2023-09-29T00:00:00+05:30,102.9,107.0,102.9,106.3,45883301,77.08333333333336,3.789389923450433,32.40975028624235,106.3,100.985,6.0597052808041,97.725,100.58000000000001,94.85249999999999,91.936,Buy
308,2023-10-03T00:00:00+05:30,106.9,112.65,106.5,112.1,54476348,79.60264900662253,3.972290643203974,34.47808405745341,112.1,106.49499999999999,6.391680484744125,99.32142857142857,102.17999999999999,96.1525,92.43700000000001,Buy
309,2023-10-04T00:00:00+05:30,112.1,113.35,103.4,108.45,57302610,76.56050955414017,4.399269882975118,35.08576952104889,112.1,106.49499999999999,6.825607742931332,100.81071428571428,103.13500000000002,97.17,92.8,Buy
310,2023-10-05T00:00:00+05:30,109.2,111.4,104.2,105.5,42364355,69.08396946564888,4.599322034191181,35.650048880101835,112.1,106.49499999999999,7.028453175210639,101.88214285714285,103.725,97.9525,93.138,Buy
311,2023-10-06T00:00:00+05:30,105.7,107.6,103.75,105.3,25813134,65.21126760563382,4.545799031748954,35.9818527599094,112.1,106.49499999999999,6.836483440562191,102.65357142857144,104.61500000000001,98.8175,93.48200000000001,Buy
312,2023-10-09T00:00:00+05:30,102.5,103.75,99.0,99.35,33400853,54.07779171894605,4.671099100909744,34.52423201018478,112.1,106.49499999999999,6.8421024124541345,102.88571428571429,104.36500000000001,99.3475,93.64699999999999,Buy
313,2023-10-10T00:00:00+05:30,101.0,104.7,100.8,104.15,23803904,56.272401433691755,4.719592022273334,33.39121650340727,112.1,106.49499999999999,6.079033277848684,103.26071428571429,104.575,100.15,93.885,Buy
314,2023-10-11T00:00:00+05:30,105.0,105.85,103.5,104.1,18507914,55.4611650485437,4.55033544925381,32.603461186356306,112.1,106.49499999999999,5.656396305840908,103.58214285714287,105.01500000000001,100.86749999999999,94.16,Buy
315,2023-10-12T00:00:00+05:30,104.9,105.4,103.2,103.8,13892071,59.660574412532625,4.382454345735681,31.7616691655182,112.1,106.49499999999999,4.833267053817397,104.11071428571428,105.155,101.67750000000001,94.448,Buy
316,2023-10-13T00:00:00+05:30,103.1,104.1,102.6,102.9,14614632,51.55555555555557,4.176564749611704,30.75163139546281,112.1,106.49499999999999,4.153654424663702,104.1857142857143,105.19500000000001,102.2975,94.708,Buy
317,2023-10-16T00:00:00+05:30,103.2,106.1,102.9,105.05,18681567,54.2016806722689,4.106810124639439,30.324220589230396,112.1,106.49499999999999,3.7080992254622127,104.4,105.07000000000001,102.825,95.053,Buy
318,2023-10-17T00:00:00+05:30,106.0,106.6,104.5,105.35,14025820,58.39524517087666,3.9634665443080497,30.0499884013688,112.1,106.49499999999999,3.40977873533928,104.80357142857143,104.39500000000001,103.2875,95.418,Buy
319,2023-10-18T00:00:00+05:30,105.6,105.7,101.4,102.15,13345912,49.63396778916545,3.987504648286046,28.60059646125269,112.1,106.49499999999999,3.381434737000339,104.78571428571429,103.76500000000001,103.45,95.69699999999999,Buy
320,2023-10-19T00:00:00+05:30,102.0,102.85,100.8,102.5,11787202,50.0,3.849111459122757,27.044431727024453,112.1,106.49499999999999,3.261556870128234,104.78571428571429,103.465,103.595,96.02,Sell
321,2023-10-20T00:00:00+05:30,102.5,104.0,100.1,101.15,14709256,41.94053208137716,3.852746354899703,25.948625638332874,112.1,106.49499999999999,2.917200317368972,104.41785714285713,103.05,103.83250000000001,96.23400000000001,Sell
322,2023-10-23T00:00:00+05:30,101.55,102.0,93.0,95.0,29890296,23.52941176470587,4.220407329549724,25.322625871660932,112.1,106.49499999999999,3.7190125153768676,103.19642857142857,102.61500000000001,103.49000000000001,96.318,Sell
323,2023-10-25T00:00:00+05:30,96.7,99.2,93.8,95.1,30434337,26.782608695652144,4.304663948867602,24.741340374036987,112.1,106.49499999999999,4.199669771087251,102.24285714285715,101.71,103.1425,96.419,Sell
324,2023-10-26T00:00:00+05:30,95.15,95.5,91.25,94.75,20883382,29.445506692160592,4.3007593810913445,24.776819756234932,112.1,106.49499999999999,4.596784514050334,101.47500000000001,100.775,102.89500000000001,96.49,Sell
325,2023-10-27T00:00:00+05:30,96.15,101.65,96.0,99.9,32310058,41.31832797427654,4.486419425299106,23.00815200182552,112.1,106.49499999999999,4.41039914653527,101.08928571428571,100.38499999999999,102.77000000000001,96.647,Sell
326,2023-10-30T00:00:00+05:30,101.3,104.5,99.15,99.7,32368940,50.69033530571994,4.548103752063455,22.01880139474138,112.1,106.49499999999999,4.472601113036585,101.11428571428571,100.065,102.63,96.76899999999999,Sell
327,2023-10-31T00:00:00+05:30,101.2,103.6,101.05,101.6,26692147,44.32071269487747,4.501810626916066,21.100118688163253,112.1,106.49499999999999,4.309757344112591,100.93214285714285,99.72,102.395,96.91099999999999,Sell
328,2023-11-01T00:00:00+05:30,102.0,104.4,100.55,103.25,24198194,48.23284823284825,4.45525272499349,20.434614373005285,112.1,106.49499999999999,3.6301248490172457,100.87142857142858,99.51,101.9525,97.09199999999998,Sell
329,2023-11-02T00:00:00+05:30,104.8,106.5,104.15,105.85,28172342,53.889943074003796,4.3691632446368125,20.292638397624142,112.1,106.49499999999999,3.3545369320911353,101.01785714285714,99.88000000000001,101.8225,97.375,Sell
330,2023-11-03T00:00:00+05:30,106.5,106.75,104.05,104.5,12041882,52.98507462686566,4.249937298591326,20.21667731296159,112.1,106.49499999999999,3.352140198833359,101.13214285714285,100.08000000000001,101.77250000000001,97.667,Sell
331,2023-11-06T00:00:00+05:30,105.6,105.8,103.5,103.85,9368161,47.62845849802371,4.11065606297766,19.956908227420474,112.1,106.49499999999999,3.313034121725987,101.04642857142856,100.35,101.7,97.89399999999999,Sell
332,2023-11-07T00:00:00+05:30,103.85,105.35,103.05,104.85,14018306,49.03846153846154,3.9813234870506844,19.55579215082063,112.1,106.49499999999999,3.30243294140053,101.01071428571429,101.33500000000001,101.975,98.16699999999999,Sell
333,2023-11-08T00:00:00+05:30,105.3,105.4,103.65,103.95,13363461,53.79746835443037,3.8219432379756357,19.197353646676227,112.1,106.49499999999999,3.3249369404371802,101.13928571428572,102.22,101.965,98.45199999999998,No Signal
334,2023-11-09T00:00:00+05:30,104.3,104.6,103.1,103.95,10424368,53.1049250535332,3.6560901495488047,18.648214044160724,112.1,106.49499999999999,3.3203989997823617,101.24285714285713,103.14000000000001,101.95750000000001,98.689,No Signal
335,2023-11-10T00:00:00+05:30,103.7,104.3,102.7,104.0,7759750,56.4625850340136,3.5092265674381755,17.976711052245253,112.1,106.49499999999999,3.3244793905578653,101.44642857142857,103.55,101.9675,99.038,No Signal
336,2023-11-12T00:00:00+05:30,104.95,105.4,104.2,104.55,2923273,79.02735562310033,3.358567526906878,17.720568956997468,112.1,106.49499999999999,3.3479681864760003,102.12857142857145,104.035,102.05,99.39299999999999,No Signal
337,2023-11-13T00:00:00+05:30,104.3,112.65,103.9,112.0,55306838,85.50420168067231,3.7436698464135296,19.23696505595352,112.1,106.49499999999999,3.6663683584428695,103.33571428571429,105.075,102.39750000000001,99.914,No Signal
338,2023-11-15T00:00:00+05:30,113.5,116.0,111.6,112.6,37833489,87.11018711018713,3.7905505716697068,21.189791004507182,112.6,106.96999999999998,4.141183702388916,104.61071428571428,106.00999999999999,102.75999999999999,100.444,No Signal
339,2023-11-16T00:00:00+05:30,112.7,112.75,109.6,110.3,16349925,74.52830188679246,3.7447969594075854,22.22475105970569,112.6,106.96999999999998,4.491296444973427,105.35357142857143,106.455,103.16749999999999,100.888,No Signal
340,2023-11-17T00:00:00+05:30,109.4,109.4,105.75,108.65,23593164,69.75717439293602,3.8023114623070433,21.891581530710084,112.6,106.96999999999998,4.693080916663473,105.99285714285715,106.87,103.475,101.264,No Signal
341,2023-11-20T00:00:00+05:30,108.65,111.45,108.0,108.3,14988918,65.87677725118485,3.7771463578565405,22.00105956922307,112.6,106.96999999999998,4.780691224037519,106.47142857142856,107.31500000000001,103.83250000000001,101.67,No Signal
342,2023-11-21T00:00:00+05:30,110.0,110.35,107.9,109.5,11767774,65.13317191283295,3.6823501894382153,22.069898102218023,112.6,106.96999999999998,4.458801018887887,106.91785714285713,107.78,104.5575,102.085,No Signal
343,2023-11-22T00:00:00+05:30,109.5,109.7,105.8,106.65,12094255,51.91387559808616,3.6978966044783435,21.451775715363283,112.6,106.96999999999998,4.08812801884327,106.97500000000001,108.05,105.13500000000002,102.45599999999999,No Signal
344,2023-11-23T00:00:00+05:30,106.9,107.3,105.5,106.1,9202339,53.98009950248754,3.562332561301319,20.782165807347408,112.6,106.96999999999998,3.4039100332300674,107.08928571428571,108.26500000000001,105.70250000000001,102.78299999999999,No Signal
345,2023-11-24T00:00:00+05:30,107.0,108.65,106.5,106.95,10524311,57.635467980295594,3.4900230926369398,20.500242830732358,112.6,106.96999999999998,3.1322827803087967,107.3107142857143,108.56000000000002,106.05499999999999,103.17,No Signal
346,2023-11-28T00:00:00+05:30,107.45,109.9,106.6,108.2,14394577,58.15085158150853,3.476450014591445,20.54259556196586,112.6,106.96999999999998,2.7954681996364052,107.55,108.925,106.47999999999999,103.524,No Signal
347,2023-11-29T00:00:00+05:30,109.1,111.9,109.1,110.3,23355610,64.59770114942528,3.4924178706920563,21.03883720952459,112.6,106.96999999999998,2.6376574355822076,108.00357142857142,108.755,106.915,103.84,No Signal
348,2023-11-30T00:00:00+05:30,110.05,110.2,107.45,107.85,16707894,58.057851239669404,3.446530879928338,20.887804710636924,112.6,106.96999999999998,2.5808549288388143,108.28214285714286,108.28,107.14500000000001,104.075,No Signal
349,2023-12-01T00:00:00+05:30,108.5,110.7,107.65,108.8,20204953,59.5617529880478,3.4182072456477424,20.8718099154403,112.6,106.96999999999998,2.5637614462115543,108.625,108.13,107.29249999999999,104.273,No Signal
350,2023-12-04T00:00:00+05:30,112.25,114.9,112.05,114.2,44134018,66.110183639399,3.6097638709586186,21.778051395557128,114.2,108.49,2.7178965145584004,109.3142857142857,108.68499999999999,107.77749999999999,104.565,No Signal
351,2023-12-05T00:00:00+05:30,114.8,117.9,114.0,114.6,33498381,55.67685589519649,3.6304950230330033,23.146985442782082,114.6,108.86999999999999,2.8898302315383106,109.5,109.31500000000001,108.31500000000001,104.929,No Signal
352,2023-12-06T00:00:00+05:30,115.8,118.5,112.45,117.2,36097019,59.23694779116467,3.803316807102074,23.831856910295457,117.2,111.34,3.202704226901272,109.82857142857142,110.08500000000001,108.9325,105.23599999999999,No Signal
353,2023-12-07T00:00:00+05:30,117.55,118.0,114.9,116.6,22636562,63.57758620689653,3.7530798923090685,24.467808987272164,117.2,111.34,3.3716882778671327,110.27857142857144,111.08,109.56499999999998,105.527,No Signal
354,2023-12-08T00:00:00+05:30,116.8,117.7,115.3,117.15,17952489,69.23076923076918,3.656431328572707,25.05833591589339,117.2,111.34,3.4532493043470844,110.88571428571427,112.18500000000002,110.225,105.87599999999999,Buy
355,2023-12-11T00:00:00+05:30,117.75,120.85,117.5,120.2,24053871,73.99193548387095,3.6595433765317984,26.22542589514425,120.2,114.19,3.6141990389837613,111.73571428571428,113.50999999999999,111.035,106.23200000000001,Buy
356,2023-12-12T00:00:00+05:30,121.0,124.8,120.9,122.6,33413850,75.19230769230765,3.7267188496366694,27.92927121130029,122.6,116.46999999999998,3.8982507952207914,112.67142857142858,114.95,111.9375,106.634,Buy
357,2023-12-13T00:00:00+05:30,123.0,123.3,119.4,121.8,21772175,81.62839248434233,3.739096074662621,28.899043849583958,122.6,116.46999999999998,4.321687833540514,113.75357142857142,116.1,112.42749999999998,106.944,Buy
358,2023-12-14T00:00:00+05:30,123.8,124.55,121.85,123.65,15736169,84.75247524752473,3.6684463550438626,30.00329558146694,123.65,117.4675,4.716628913482166,115.00714285714285,117.68000000000002,112.97999999999999,107.175,Buy
359,2023-12-15T00:00:00+05:30,124.0,129.4,122.7,128.3,39463828,86.74698795180721,3.8849859011121586,31.701427452823648,128.3,121.885,5.236403513223197,116.53214285714286,119.63,113.88000000000002,107.57199999999999,Buy
360,2023-12-18T00:00:00+05:30,127.9,127.9,122.6,123.1,32148228,72.57575757575754,4.014629765318435,33.237133666502636,128.3,121.885,5.605825988070389,117.59642857142856,120.52000000000001,114.6025,107.92399999999999,Buy
361,2023-12-19T00:00:00+05:30,123.9,124.4,120.85,122.25,18919618,68.81889763779526,3.9814419249385473,33.94180260630967,128.3,121.885,5.672909421209271,118.45,121.285,115.3,108.26299999999999,Buy
362,2023-12-20T00:00:00+05:30,122.95,124.2,115.85,116.45,24393889,62.25071225071225,4.293481787442937,32.87252091683972,128.3,121.885,5.8411850259774685,119.06428571428572,121.21,115.6475,108.605,Buy
363,2023-12-21T00:00:00+05:30,115.05,119.15,112.6,118.55,16148701,63.44827586206896,4.454661659768443,30.982436584503827,128.3,121.885,5.471744582138285,119.76071428571429,121.405,116.24249999999999,108.89300000000001,Buy
364,2023-12-22T00:00:00+05:30,119.25,120.0,116.9,118.25,11610568,56.50080256821828,4.357900112642126,29.420400734911468,128.3,121.885,5.108226215159127,120.05,121.51499999999999,116.85,109.176,Buy
365,2023-12-26T00:00:00+05:30,118.9,118.9,116.7,117.15,7968782,54.00313971742544,4.203764390310545,27.913322862897324,128.3,121.885,4.757268863384179,120.23214285714286,121.21000000000001,117.36000000000001,109.443,Buy
366,2023-12-27T00:00:00+05:30,117.8,120.15,117.3,119.05,12995015,52.969502407704645,4.117781219574078,26.819146963200215,128.3,121.885,4.322799981021286,120.36428571428573,120.85499999999999,117.90249999999999,109.766,Buy
367,2023-12-28T00:00:00+05:30,119.65,121.5,117.0,117.8,17861879,51.88679245283019,4.145082561033073,26.124202651666756,128.3,121.885,4.097177499952998,120.45,120.455,118.2775,110.021,Buy
368,2023-12-29T00:00:00+05:30,118.6,119.75,117.6,119.1,10246266,52.9953917050691,4.002576663816425,25.478897219528545,128.3,121.885,3.489736496483356,120.58928571428571,120.0,118.84,110.29599999999999,Buy
369,2024-01-01T00:00:00+05:30,119.65,121.5,119.1,120.75,8090321,50.88282504012841,3.888106902115253,25.304704370396394,128.3,121.885,2.843064715451243,120.62857142857142,119.245,119.4375,110.66799999999999,Sell
370,2024-01-02T00:00:00+05:30,121.4,123.75,120.0,120.9,15399801,47.05882352941179,3.878242123392735,25.63983248764757,128.3,121.885,2.6592164046402367,120.50714285714285,119.025,119.77250000000001,111.036,Sell
371,2024-01-03T00:00:00+05:30,121.05,123.55,120.25,123.05,13474009,52.06611570247934,3.836939114578968,25.95102288223795,128.3,121.885,2.479066853829184,120.59642857142856,119.10499999999999,120.19499999999998,111.47399999999999,Sell
372,2024-01-04T00:00:00+05:30,123.6,125.0,123.4,124.05,16066005,50.68027210884352,3.7021577492518993,26.556409801741076,128.3,121.885,2.483612012430322,120.625,119.86500000000001,120.5375,112.055,Sell
373,2024-01-05T00:00:00+05:30,124.35,125.55,123.35,124.15,12856589,41.64989939637825,3.594860767162478,27.236579947667902,128.3,121.885,2.4448484919305504,120.32857142857142,120.425,120.915,112.63600000000001,Sell
374,2024-01-08T00:00:00+05:30,125.15,125.6,121.8,122.55,12122073,48.70588235294118,3.609513569508015,27.17763196288598,128.3,121.885,2.3833178543155293,120.28928571428571,120.85499999999999,121.18499999999999,113.19200000000001,Sell
375,2024-01-09T00:00:00+05:30,123.2,124.2,122.25,122.85,8045492,51.44927536231882,3.4909768859717287,27.122894548445622,128.3,121.885,2.3881149210547936,120.33214285714287,121.425,121.31750000000002,113.65100000000001,Buy
376,2024-01-10T00:00:00+05:30,122.8,124.0,121.75,123.4,8604396,72.49190938511327,3.402335679830891,26.83829284808567,128.3,121.885,2.396728351491239,120.82857142857142,121.85999999999999,121.35749999999999,114.125,Buy
377,2024-01-11T00:00:00+05:30,124.3,124.75,123.5,124.45,7312380,70.48611111111113,3.255740274128684,26.794414731322032,128.3,121.885,2.440121555576706,121.25,122.525,121.49000000000001,114.58200000000001,Buy
378,2024-01-12T00:00:00+05:30,125.0,132.5,124.35,131.2,42620166,81.05515587529975,3.6053302545480643,28.380886289890174,131.2,124.63999999999999,2.830248527261082,122.175,123.73499999999999,121.86749999999999,115.141,Buy
379,2024-01-15T00:00:00+05:30,132.7,135.75,132.5,134.1,25866683,87.41721854304632,3.672806664937489,30.299825842395368,134.1,127.39499999999998,3.2843269615585604,123.38571428571427,125.06999999999998,122.15749999999998,115.706,Buy
380,2024-01-16T00:00:00+05:30,134.95,140.2,133.5,135.95,30974573,87.38938053097343,3.8890347602990962,32.57039623244153,135.95,129.15249999999997,3.9562627631170204,124.59285714285714,126.575,122.8,116.335,Buy
381,2024-01-17T00:00:00+05:30,134.5,135.35,130.95,131.95,23673815,77.9092702169625,3.9683894202777323,33.680688985918565,135.95,129.15249999999997,4.358311259955117,125.60357142857143,127.465,123.285,116.897,Buy
382,2024-01-18T00:00:00+05:30,130.8,133.85,128.1,132.95,21609345,77.6447105788423,4.095647318829323,33.717111484008164,135.95,129.15249999999997,4.437936360542092,126.59285714285714,128.355,124.10999999999999,117.459,Buy
383,2024-01-19T00:00:00+05:30,134.65,137.4,131.25,135.9,29183335,78.74762808349143,4.242386796055801,34.27732806912324,135.95,129.15249999999997,4.6369060037957865,127.675,129.53,124.97749999999999,118.09800000000001,Buy
384,2024-01-20T00:00:00+05:30,136.9,145.4,135.7,141.8,37359672,82.55451713395637,4.632216310623245,35.68954363212995,141.8,134.71,5.0245332055659215,129.16785714285714,131.455,126.155,118.855,Buy
385,2024-01-23T00:00:00+05:30,145.0,145.25,135.45,139.95,42032631,76.5723270440251,5.0013437170073,36.92231925173249,141.8,134.71,5.306042663741055,130.375,133.165,127.29499999999999,119.57400000000001,Buy
386,2024-01-24T00:00:00+05:30,139.2,143.1,135.05,142.85,25283547,77.89317507418392,5.2191048800782065,37.93426200859442,142.85,135.70749999999998,5.547913663311363,131.71785714285713,135.11,128.48499999999999,120.34,Buy
387,2024-01-25T00:00:00+05:30,143.2,144.4,139.6,140.35,14886698,72.43767313019386,5.189168817215479,39.016469973598845,142.85,135.70749999999998,5.649536713559564,132.875,136.7,129.6125,120.90700000000001,Buy
388,2024-01-29T00:00:00+05:30,141.0,145.0,140.95,142.1,15534613,76.96551724137927,5.1506567588429455,40.08798727067902,142.85,135.70749999999998,5.624104396690234,134.27142857142857,137.79,130.7625,121.49699999999999,Buy
389,2024-01-30T00:00:00+05:30,141.0,144.5,140.05,141.0,23496983,74.49392712550605,5.1006098474970205,40.74071282692849,142.85,135.70749999999998,5.630615879972452,135.56785714285712,138.48,131.775,122.11099999999999,Buy
390,2024-01-31T00:00:00+05:30,141.25,141.55,139.1,139.85,21053555,71.84594953519253,4.911280572675806,40.98273571691852,142.85,135.70749999999998,5.506027169505675,136.74285714285716,138.87,132.7225,122.735,Buy
391,2024-02-01T00:00:00+05:30,140.9,146.9,139.7,144.6,41841032,74.36517533252717,5.0747605317703925,41.89231175934916,144.6,137.36999999999998,5.382278355392548,138.18214285714285,140.135,133.8,123.461,Buy
392,2024-02-02T00:00:00+05:30,146.2,152.45,146.15,148.8,38195913,72.68041237113401,5.272991922358221,43.268754723673474,148.8,141.36,5.4513579052348895,139.43928571428572,141.71999999999997,135.0375,124.24699999999999,Buy
393,2024-02-05T00:00:00+05:30,149.85,155.35,145.8,146.75,35858580,66.66666666666664,5.578492499332633,44.77716219387864,148.8,141.36,5.512250305325763,140.34285714285713,142.805,136.1675,125.04899999999999,Buy
394,2024-02-06T00:00:00+05:30,148.0,149.45,144.2,144.95,18584278,61.87335092348282,5.555028749380302,45.62591099220632,148.8,141.36,5.272830958745531,140.9857142857143,143.12,137.2875,125.82600000000001,Buy
395,2024-02-07T00:00:00+05:30,147.0,150.2,145.2,146.3,13055524,70.35460992907798,5.533240981567423,46.485787905130906,148.8,141.36,4.846407100183527,142.01071428571427,143.755,138.45999999999998,126.613,Buy
396,2024-02-08T00:00:00+05:30,148.4,153.95,147.7,149.45,36435011,72.05882352941171,5.684438054312606,47.61977653025272,149.45,141.9775,4.3829299191883,143.18928571428572,144.415,139.7625,127.43800000000002,Buy
397,2024-02-09T00:00:00+05:30,150.0,151.0,141.15,148.85,29123961,68.4736091298145,5.981978193290277,46.67022897532524,149.45,141.9775,3.879437029729499,144.1142857142857,145.26500000000001,140.9825,128.209,Buy
398,2024-02-12T00:00:00+05:30,150.0,150.05,138.2,139.75,22342661,47.320261437908485,6.401122608055259,45.04703650535281,149.45,141.9775,3.7996496653782708,143.96785714285713,145.03000000000003,141.41,128.84699999999998,Buy
399,2024-02-13T00:00:00+05:30,141.6,145.85,135.4,136.15,33817049,45.25000000000002,6.690328136051311,42.891649897009174,149.45,141.9775,3.804380130966821,143.69642857142858,144.54500000000002,141.5125,129.394,Buy
400,2024-02-14T00:00:00+05:30,134.0,139.75,132.6,139.05,28323626,45.25000000000002,6.723161840619075,40.290599835762656,149.45,141.9775,3.6312019846659016,143.425,144.46499999999997,141.6675,129.891,Buy
401,2024-02-15T00:00:00+05:30,140.8,146.5,140.15,145.75,32155272,56.10859728506787,6.775078852003426,38.94062470207758,149.45,141.9775,3.1366644778861175,143.81071428571428,144.57999999999998,142.35750000000002,130.514,Buy
402,2024-02-16T00:00:00+05:30,147.85,149.5,143.7,144.7,28730074,52.98850574712643,6.705430362574611,38.08525498325466,149.45,141.9775,2.778803594192372,143.99642857142857,144.17000000000002,142.945,131.06400000000002,Buy
403,2024-02-19T00:00:00+05:30,145.0,145.45,140.6,141.15,19834182,50.16322089227422,6.57289962239071,36.627654237393266,149.45,141.9775,2.6177517219612607,144.00714285714284,143.61,143.2075,131.555,Buy
404,2024-02-20T00:00:00+05:30,142.4,145.0,140.8,141.1,20767191,51.39353400222964,6.403406792219944,35.27416783052197,149.45,141.9775,2.6309464280101067,144.0964285714286,143.225,143.17249999999999,132.03400000000002,Buy
405,2024-02-21T00:00:00+05:30,146.7,150.8,144.15,145.1,58178774,50.56689342403629,6.638877735632807,34.82276590509472,149.45,141.9775,2.5190542907190125,144.13214285714284,143.10500000000002,143.43,132.53199999999998,Sell
406,2024-02-22T00:00:00+05:30,146.45,147.95,142.1,147.3,24062941,48.218527315914486,6.5825293259447495,33.947171960852,149.45,141.9775,2.5472768932260452,144.025,142.89000000000001,143.6525,133.026,Sell
407,2024-02-23T00:00:00+05:30,149.2,149.2,145.1,145.9,18645495,48.97466827503016,6.405205802662981,33.308428251415556,149.45,141.9775,2.535920176809894,143.96428571428572,142.595,143.93,133.50799999999998,Sell
408,2024-02-26T00:00:00+05:30,145.0,148.65,144.25,147.15,21337245,52.68948655256725,6.261976816758483,32.51389592202149,149.45,141.9775,2.541992239584301,144.12142857142857,143.33499999999998,144.1825,133.978,Sell
409,2024-02-27T00:00:00+05:30,148.0,148.1,143.85,146.1,19010674,49.75369458128077,6.11826418699002,31.67747244994147,149.45,141.9775,2.5226560825856286,144.10714285714286,144.32999999999998,144.4375,134.334,Sell
410,2024-02-28T00:00:00+05:30,143.0,143.65,138.85,140.85,44713845,39.92974238875879,6.199102459347876,29.76128608007,149.45,141.9775,2.574651892018075,143.49285714285716,144.51000000000002,144.4875,134.689,Buy
411,2024-02-29T00:00:00+05:30,141.2,150.8,138.95,146.3,227287955,47.31861198738172,6.602737997965886,29.130554063859865,149.45,141.9775,2.4942075495602434,143.31071428571428,144.565,144.57250000000002,135.17,Sell
412,2024-03-01T00:00:00+05:30,146.95,147.7,145.3,146.7,17073718,58.944658944658926,6.302542426682607,28.544874334521882,149.45,141.9775,2.4197978180431674,143.80714285714288,144.76500000000001,144.4675,135.775,Buy
413,2024-03-02T00:00:00+05:30,146.6,147.5,146.1,146.95,1346228,65.21126760563376,5.952360824776707,28.001028871565186,149.45,141.9775,2.420473895703857,144.57857142857142,145.34499999999997,144.4775,136.343,Buy
414,2024-03-04T00:00:00+05:30,148.8,150.4,147.25,148.85,18755485,64.2028985507246,5.773620765864086,27.9414144203887,149.45,141.9775,2.478078326626225,145.27857142857144,146.12,144.6725,136.955,Buy
415,2024-03-05T00:00:00+05:30,148.85,158.7,147.85,157.9,63767342,66.48575305291722,6.13621928258808,28.90331832722519,157.9,150.005,2.9921021884518835,146.14642857142857,147.4,145.2525,137.77,Buy
416,2024-03-06T00:00:00+05:30,158.0,158.6,153.0,155.0,27499978,63.307493540051674,6.09791790526036,29.79651481214479,157.9,150.005,3.3094652711866943,146.88214285714284,148.17,145.53,138.489,Buy
417,2024-03-07T00:00:00+05:30,155.95,161.9,153.65,157.35,28694977,71.59999999999995,6.25163805488462,30.972051376327812,157.9,150.005,3.6450916056166855,148.03928571428568,149.315,145.955,139.28,Buy
418,2024-03-11T00:00:00+05:30,158.15,160.85,152.75,153.75,19818827,65.40803897685748,6.383663908107147,31.815872412494116,157.9,150.005,3.7674395809824004,148.94285714285712,149.975,146.65500000000003,139.973,Buy
419,2024-03-12T00:00:00+05:30,154.4,155.45,148.0,150.4,22173988,56.55940594059406,6.459830771813778,31.387966811622736,157.9,150.005,3.5150157509468656,149.32142857142858,150.40500000000003,147.3675,140.566,Buy
420,2024-03-13T00:00:00+05:30,151.5,153.0,139.5,141.55,27124015,43.88947927736451,6.962700002398509,29.316527886403815,157.9,150.005,3.6072346656503544,148.91071428571428,150.475,147.4925,140.97899999999998,Buy
421,2024-03-14T00:00:00+05:30,139.5,144.45,138.1,143.65,19666323,47.64397905759162,6.918935716512901,27.285835874691177,157.9,150.005,3.5955521751044577,148.75,150.20999999999998,147.3875,141.391,Buy
422,2024-03-15T00:00:00+05:30,143.9,150.5,137.7,148.0,24676537,50.83579154375614,7.3390117367619805,26.20713388241015,157.9,150.005,3.4643311147289637,148.81071428571428,150.33999999999997,147.5525,141.87,Buy
423,2024-03-18T00:00:00+05:30,149.0,154.0,146.4,153.25,16880446,56.49409627611263,7.357653755564696,25.67397175140511,157.9,150.005,3.2921355240216372,149.32142857142858,150.96999999999997,148.1575,142.452,Buy
424,2024-03-19T00:00:00+05:30,152.85,155.35,148.15,149.15,13193308,57.699443413729135,7.34639277302436,25.35354294854971,157.9,150.005,3.1953765488061143,149.91428571428574,151.0,148.56,142.984,Buy
425,2024-03-20T00:00:00+05:30,149.15,150.3,143.8,144.65,14794112,48.44192634560906,7.285936146379763,24.23758611584296,157.9,150.005,3.307380592457939,149.79642857142858,149.675,148.5375,143.42,No Signal
426,2024-03-21T00:00:00+05:30,146.9,149.25,146.15,146.8,9946607,50.09140767824499,7.094083564495494,23.201340485472404,157.9,150.005,3.264463633116203,149.80357142857142,148.855,148.5125,143.888,No Signal
427,2024-03-22T00:00:00+05:30,148.5,150.85,147.6,148.1,18104178,51.03139013452915,6.8766490241743865,22.489081108322814,157.9,150.005,3.210133673127242,149.8857142857143,147.93,148.6225,144.361,Sell
428,2024-03-26T00:00:00+05:30,148.1,150.85,146.7,150.0,10248530,51.03139013452915,6.681888379590502,21.642118193075152,157.9,150.005,3.1669732076945816,149.96785714285716,147.555,148.765,144.737,Sell
429,2024-03-27T00:00:00+05:30,150.35,151.95,148.7,151.2,11982782,43.00626304801667,6.436753495334038,21.042792139873658,157.9,150.005,3.1327630411047283,149.4892857142857,147.63500000000002,149.02,145.079,Sell
430,2024-03-28T00:00:00+05:30,152.0,154.2,151.25,153.5,11097927,48.41437632135306,6.191271102810179,20.862147351848705,157.9,150.005,2.881129805895238,149.38214285714284,148.82999999999998,149.6525,145.43,Sell
431,2024-04-01T00:00:00+05:30,154.5,157.0,154.1,156.75,8727492,49.37759336099586,5.999037452609452,21.1320070600993,157.9,150.005,2.946455820281645,149.33928571428572,150.14000000000001,150.175,145.92600000000002,Sell
432,2024-04-02T00:00:00+05:30,156.6,158.2,155.6,156.8,8622393,53.41545352743562,5.756249063137347,21.563112022543546,157.9,150.005,3.0410428045113127,149.55714285714288,151.02,150.68,146.40300000000002,No Signal
433,2024-04-03T00:00:00+05:30,157.0,158.2,155.0,157.5,13943614,58.452380952380956,5.5736598443418215,21.802305063341823,157.9,150.005,3.1208188270144697,150.06428571428572,151.445,151.2075,146.835,No Signal
434,2024-04-04T00:00:00+05:30,159.15,160.15,157.1,159.1,15754706,75.25179856115108,5.393398426888835,22.337922967803937,159.1,151.14499999999998,3.2580687990073987,151.31785714285712,152.44,151.71999999999997,147.181,No Signal
435,2024-04-05T00:00:00+05:30,159.15,163.2,158.1,160.2,19219975,74.5185185185185,5.372441396396775,23.287929074997404,160.2,152.18999999999997,3.3400299242659255,152.5,153.99499999999998,151.835,147.58599999999998,No Signal
436,2024-04-08T00:00:00+05:30,158.0,159.4,154.1,155.0,17595394,60.11560693641619,5.424409868082719,23.08138835972116,160.2,152.18999999999997,3.452082541080008,153.0,154.815,151.835,147.829,No Signal
437,2024-04-09T00:00:00+05:30,155.9,156.5,151.0,151.45,15084804,47.26443768996958,5.429809163219668,22.152222855412077,160.2,152.18999999999997,3.4274831642328403,152.87142857142857,155.15,151.54,148.05100000000002,No Signal
438,2024-04-10T00:00:00+05:30,151.85,152.2,149.85,150.9,17948422,52.981260647359456,5.209822794418263,21.029020380430275,160.2,152.18999999999997,3.4235396240338813,152.99642857142857,155.24,151.39749999999998,148.227,No Signal
439,2024-04-12T00:00:00+05:30,151.0,153.35,149.0,149.2,16088871,58.568738229755155,5.148406880531244,20.216234580842688,160.2,152.18999999999997,3.475368092924442,153.32142857142858,155.04000000000002,151.3375,148.391,No Signal
440,2024-04-15T00:00:00+05:30,145.0,147.2,143.4,145.3,15095810,47.349823321554766,5.194949246207583,19.28108212702801,160.2,152.18999999999997,3.3523607185162723,153.21428571428572,154.22,151.525,148.5,No Signal
441,2024-04-16T00:00:00+05:30,144.15,146.5,143.25,143.5,6319182,42.0138888888889,5.056024300049899,18.441872459099404,160.2,152.18999999999997,3.403374343929018,152.8857142857143,152.895,151.51749999999998,148.47799999999998,No Signal
442,2024-04-18T00:00:00+05:30,144.3,146.9,141.35,142.55,11659346,36.62477558348294,5.091308278617764,18.03606172028872,160.2,152.18999999999997,3.669027180086533,152.35357142857143,151.47,151.245,148.353,No Signal
443,2024-04-19T00:00:00+05:30,140.6,141.75,138.1,140.7,16570593,31.578947368421055,5.045500544430783,18.24705756342757,160.2,152.18999999999997,4.05686629408012,151.60357142857143,149.79000000000002,150.6175,148.232,Sell
444,2024-04-22T00:00:00+05:30,142.7,152.0,142.7,150.6,27745626,45.98337950138503,5.492250505542871,17.541429778684968,160.2,152.18999999999997,3.78325997212252,151.39642857142854,148.94,150.69,148.345,Sell
445,2024-04-23T00:00:00+05:30,151.65,152.1,146.2,146.9,18952074,36.52530779753762,5.521375469432667,16.902847832122863,160.2,152.18999999999997,3.807563469669721,150.69285714285712,147.61,150.8025,148.357,Sell
446,2024-04-24T00:00:00+05:30,148.3,148.95,146.5,147.1,8377083,36.784741144414134,5.3019915073303325,16.309878881743767,160.2,152.18999999999997,3.7949718747489545,150.0,146.82,150.8175,148.31,Sell
447,2024-04-25T00:00:00+05:30,147.5,151.0,146.75,150.0,17834511,40.359897172236494,5.226849256806737,16.131465857892103,160.2,152.18999999999997,3.6998636769589313,149.46428571428572,146.675,150.9125,148.333,Sell
448,2024-04-26T00:00:00+05:30,151.5,153.3,150.3,150.9,14002368,39.26701570680629,5.089217167034828,16.362541621571367,160.2,152.18999999999997,3.6750526278158877,148.87857142857143,146.675,150.9575,148.556,Sell
449,2024-04-29T00:00:00+05:30,152.0,157.0,151.85,156.75,23970707,45.983701979045414,5.161415940818054,17.155569816503327,160.2,152.18999999999997,3.633344892509189,148.63214285714284,147.43,151.23499999999999,148.968,Sell
450,2024-04-30T00:00:00+05:30,157.0,157.0,153.25,154.2,16033285,49.00744416873448,5.060600516473908,17.891953140368717,160.2,152.18999999999997,3.7043102242078825,148.57500000000002,148.32,151.26999999999998,149.27100000000002,Sell
451,2024-05-02T00:00:00+05:30,155.0,155.7,153.8,154.65,8371301,54.30107526881723,4.83484333672577,18.57573765538658,160.2,152.18999999999997,3.6370143412293934,148.80357142857142,149.435,151.165,149.449,Sell
452,2024-05-03T00:00:00+05:30,155.6,156.0,149.45,152.5,13310526,52.06185567010308,4.957354526959644,18.040522548901105,160.2,152.18999999999997,3.592253381996776,148.91785714285714,150.43,150.95,149.605,Sell
453,2024-05-06T00:00:00+05:30,154.0,154.2,145.0,147.7,17264861,48.21002386634845,5.260400632176812,16.944403485178885,160.2,152.18999999999997,3.5861622695022204,148.81071428571428,151.13,150.46,149.736,No Signal
454,2024-05-07T00:00:00+05:30,150.0,150.0,140.8,141.8,20164121,46.013667425968116,5.541800587021324,16.70469415836966,160.2,152.18999999999997,3.6837997173267896,148.56071428571428,150.25,149.595,149.75,No Signal
455,2024-05-08T00:00:00+05:30,142.5,145.8,140.85,144.1,16847052,50.67567567567567,5.499529116519803,16.48210692633252,160.2,152.18999999999997,3.2751873887145613,148.60357142857143,149.96999999999997,148.79,149.73,No Signal
456,2024-05-09T00:00:00+05:30,145.0,147.1,140.8,142.1,14936492,49.504950495049485,5.556705608196959,15.96195021687325,160.2,152.18999999999997,3.312921694739331,148.57142857142858,149.47,148.145,149.626,No Signal
457,2024-05-10T00:00:00+05:30,143.2,143.95,137.55,142.0,16412431,51.48741418764303,5.616940921897174,16.09002206285406,160.2,152.18999999999997,3.4021883079567155,148.66428571428574,148.67000000000002,147.6725,149.548,No Signal
458,2024-05-13T00:00:00+05:30,138.95,139.4,130.35,136.4,33666442,31.97969543147208,6.047873713190234,17.28712562128777,160.2,152.18999999999997,3.943021803443329,147.65,147.21999999999997,146.9475,149.333,No Signal
459,2024-05-14T00:00:00+05:30,137.85,137.95,133.4,133.65,17206316,32.76983094928478,5.940882733676645,18.3987217826905,160.2,152.18999999999997,4.571455757147785,146.70357142857142,144.91,146.17000000000002,149.084,Sell
460,2024-05-15T00:00:00+05:30,135.1,140.6,134.8,139.95,14038361,41.975308641975296,6.012962538414027,18.741523980914693,160.2,152.18999999999997,4.476593082637162,146.19285714285715,143.485,145.9025,149.066,Sell
461,2024-05-16T00:00:00+05:30,139.8,143.35,138.85,140.7,16210090,39.033018867924504,5.904893785670168,18.399024492599004,160.2,152.18999999999997,4.514700149265518,145.5285714285714,142.09,145.7625,148.954,Sell
462,2024-05-17T00:00:00+05:30,140.7,141.15,139.0,139.15,11480094,36.35307781649244,5.636687086693728,18.08098925344872,160.2,152.18999999999997,4.661698312702469,144.68928571428572,140.755,145.5925,148.803,Sell
463,2024-05-18T00:00:00+05:30,139.95,141.8,139.6,141.45,1428447,30.63291139240502,5.423352294787033,17.621506482072764,160.2,152.18999999999997,4.566341380076686,143.5964285714286,140.13,145.63,148.693,Sell
464,2024-05-21T00:00:00+05:30,141.4,143.75,139.25,142.75,16455024,35.032679738562095,5.357398559445103,16.70695744987905,160.2,152.18999999999997,4.46879076962912,142.77857142857144,140.225,145.2375,148.571,Sell
465,2024-05-22T00:00:00+05:30,143.9,149.55,143.5,148.2,29496408,42.54335260115604,5.460441519484739,16.39624162501903,160.2,152.18999999999997,4.320922139842502,142.31785714285712,140.63500000000002,145.3025,148.377,Sell
466,2024-05-23T00:00:00+05:30,149.0,153.0,148.95,152.6,18477670,50.1098901098901,5.41326712523583,16.7023863126091,160.2,152.18999999999997,4.324999777781278,142.325,141.685,145.57750000000001,148.329,Sell
467,2024-05-24T00:00:00+05:30,152.0,157.0,151.2,156.5,31907317,59.86547085201797,5.4408909020047,17.587386659343398,160.2,152.18999999999997,4.4590273418074435,142.95357142857142,143.135,145.9025,148.31199999999998,Sell
468,2024-05-27T00:00:00+05:30,157.2,161.8,156.15,160.0,26988783,71.56398104265405,5.455827266147222,19.019542496014655,160.2,152.18999999999997,4.744459578284522,144.25357142857143,145.49499999999998,146.35750000000002,148.43699999999998,Sell
469,2024-05-28T00:00:00+05:30,159.2,160.4,151.0,157.9,23175943,66.42857142857147,5.737553889993849,19.14777133235459,160.2,152.18999999999997,4.862481174253654,145.2392857142857,147.92000000000002,146.41500000000002,148.58700000000002,No Signal
470,2024-05-29T00:00:00+05:30,155.85,158.75,154.5,155.0,11401297,65.03496503496507,5.631300040708575,19.266840966098815,160.2,152.18999999999997,4.98226110119648,146.16071428571428,149.425,146.455,148.856,No Signal
471,2024-05-30T00:00:00+05:30,154.75,156.7,151.75,152.6,11542863,61.72566371681417,5.582635752086533,18.77016587531122,160.2,152.18999999999997,4.994066466321087,146.91785714285714,150.61499999999998,146.35250000000002,149.035,No Signal
472,2024-05-31T00:00:00+05:30,153.2,161.6,149.0,160.15,76445028,75.18557794273596,6.083876055508924,19.054069893425375,160.2,152.18999999999997,5.071049763207172,148.6142857142857,152.715,146.73499999999999,149.27800000000002,No Signal
473,2024-06-03T00:00:00+05:30,168.0,172.5,163.9,170.0,37182648,83.50230414746545,6.531456337258286,20.541540105213407,170.0,161.5,5.675327528923895,151.21071428571426,155.57,147.85,149.613,No Signal
474,2024-06-04T00:00:00+05:30,169.9,169.9,136.0,139.0,58454122,49.3983533882204,8.493495170311265,20.01654361828725,170.0,161.5,7.021677006338753,151.14285714285714,155.195,147.70999999999998,149.41,No Signal
475,2024-06-05T00:00:00+05:30,142.05,143.7,129.55,140.95,39006751,50.15595757953837,8.897531229574744,20.06419548754104,170.0,161.5,6.9858005069032805,151.16071428571428,154.46999999999997,147.5525,149.336,No Signal
476,2024-06-06T00:00:00+05:30,144.75,149.9,143.05,144.55,23237245,53.284671532846716,8.901278998890835,19.401453475620208,170.0,161.5,6.772853825756381,151.54642857142858,153.66500000000002,147.675,149.291,No Signal
477,2024-06-07T00:00:00+05:30,147.0,150.75,145.65,146.45,17894835,53.0562347188264,8.70833049897006,18.691375536669124,170.0,161.5,6.626555324741795,151.90357142857144,152.66,147.89749999999998,149.25799999999998,No Signal
478,2024-06-10T00:00:00+05:30,148.0,151.0,146.5,147.22,16860939,52.750092284976,8.411306891900772,18.002500632374808,170.0,161.5,6.333402985391298,152.22285714285712,151.382,148.4385,149.2024,No Signal
479,2024-06-11T00:00:00+05:30,148.15,148.3,145.3,146.3,16386567,48.76205368777692,8.024784971050718,17.487185553443886,170.0,161.5,5.929245676666336,152.08714285714288,150.222,149.071,149.1044,No Signal
480,2024-06-12T00:00:00+05:30,147.0,148.8,146.59,147.38,16530250,46.44511032416235,7.6301574731185235,16.941288416019,170.0,161.5,5.712194846641611,151.71428571428572,149.45999999999998,149.4425,148.982,No Signal
481,2024-06-13T00:00:00+05:30,148.81,149.14,145.76,146.24,10014371,42.73988112086046,7.326574796467201,16.5309504890398,170.0,161.5,5.6101264244816695,150.98142857142855,148.824,149.71949999999998,148.7718,Sell
482,2024-06-14T00:00:00+05:30,146.54,147.85,144.85,147.55,8892430,40.90842704834234,7.017533739576686,16.260277090485296,170.0,161.5,5.314595611698731,150.09214285714285,147.564,150.1395,148.58679999999998,Sell
483,2024-06-18T00:00:00+05:30,148.6,148.62,146.35,147.05,8014001,41.88724390608644,6.6784241867497816,15.883262821013295,170.0,161.5,5.176258897533457,149.31714285714287,145.269,150.4195,148.37779999999998,Sell
484,2024-06-19T00:00:00+05:30,147.65,149.1,145.3,147.25,9434557,43.961352657004824,6.472822459124796,15.67563515539376,170.0,161.5,5.050978422591027,148.76357142857142,146.094,150.6445,148.1408,Sell
485,2024-06-20T00:00:00+05:30,147.85,148.94,145.0,145.91,11132479,44.69973062906037,6.291906569187311,15.525395533818585,170.0,161.5,5.13644542573521,148.28571428571428,146.59,150.53,147.855,Sell
486,2024-06-21T00:00:00+05:30,147.4,147.49,144.75,146.94,12066820,38.32832655946278,6.038198957102503,15.423586817505894,170.0,161.5,5.117144044373836,147.34214285714285,146.829,150.247,147.6938,Sell
