,Date,Open,High,Low,Close,Volume,52-week High,Threshold,Volatility,10-day MA,20-day SMA,50-day SMA,Signal
0,2022-07-05T00:00:00+05:30,183.0,185.2,181.75,182.45,5313753,,,,,,,Sell
1,2022-07-06T00:00:00+05:30,182.5,182.85,178.0,181.7,9367397,,,,,,,Sell
2,2022-07-07T00:00:00+05:30,183.95,186.6,181.45,186.0,6322630,,,,,,,Sell
3,2022-07-08T00:00:00+05:30,187.05,191.9,187.05,189.8,14647592,,,,,,,Sell
4,2022-07-11T00:00:00+05:30,188.95,194.3,187.8,193.35,9048841,,,,,,,Sell
5,2022-07-12T00:00:00+05:30,192.8,195.3,192.1,193.9,6942704,,,,,,,Sell
6,2022-07-13T00:00:00+05:30,193.9,196.15,193.0,193.45,7842930,,,,,,,Sell
7,2022-07-14T00:00:00+05:30,194.0,195.45,190.3,192.0,6795141,,,,,,,Sell
8,2022-07-15T00:00:00+05:30,193.0,193.9,189.4,193.4,5610793,,,,,,,Sell
9,2022-07-18T00:00:00+05:30,194.5,196.9,193.85,195.6,7600779,,,,190.16500000000002,,,Sell
10,2022-07-19T00:00:00+05:30,194.95,199.6,194.0,198.25,9913955,,,,191.74499999999998,,,Sell
11,2022-07-20T00:00:00+05:30,199.6,200.4,197.4,197.85,5519522,,,,193.36,,,Sell
12,2022-07-21T00:00:00+05:30,197.85,199.45,196.3,198.6,6167419,,,,194.61999999999998,,,Sell
13,2022-07-22T00:00:00+05:30,198.6,199.85,196.8,197.1,4844223,,,,195.35,,,Sell
14,2022-07-25T00:00:00+05:30,197.5,201.7,194.6,200.9,10206700,,,,196.105,,,Sell
15,2022-07-26T00:00:00+05:30,201.45,203.3,199.55,202.3,12845770,,,,196.945,,,Sell
16,2022-07-27T00:00:00+05:30,202.4,204.7,201.8,203.45,7342667,,,,197.945,,,Sell
17,2022-07-28T00:00:00+05:30,204.0,205.0,201.35,202.85,5095766,,,,199.03,,,Sell
18,2022-07-29T00:00:00+05:30,203.6,212.45,203.25,211.25,12473161,,,,200.815,,,Sell
19,2022-08-01T00:00:00+05:30,212.5,213.7,209.8,212.75,7847921,,,8.145639372662748,202.53000000000003,196.3475,,Sell
20,2022-08-02T00:00:00+05:30,213.0,217.25,211.65,215.25,12614974,,,8.494733275450885,204.23000000000002,197.9875,,Sell
21,2022-08-03T00:00:00+05:30,214.95,214.95,208.8,212.1,9948968,,,8.139317749114637,205.65500000000003,199.5075,,Sell
22,2022-08-04T00:00:00+05:30,212.15,213.45,206.15,207.15,8057000,,,7.651317396026436,206.51,200.565,,Sell
23,2022-08-05T00:00:00+05:30,207.5,210.25,205.75,208.45,31982793,,,7.4027284265934465,207.64499999999998,201.4975,,Sell
24,2022-08-08T00:00:00+05:30,209.5,216.15,207.05,215.4,16356084,,,7.758848937961432,209.09499999999997,202.6,,Sell
25,2022-08-10T00:00:00+05:30,215.85,220.45,215.45,219.85,14264151,,,8.372880328775755,210.85,203.8975,,Sell
26,2022-08-11T00:00:00+05:30,226.0,226.8,218.0,218.6,28795491,,,8.606559615842597,212.365,205.15499999999997,,Sell
27,2022-08-12T00:00:00+05:30,219.0,222.25,217.75,221.65,8860928,,,8.773342923460344,214.24499999999998,206.6375,,Sell
28,2022-08-16T00:00:00+05:30,224.4,224.4,220.45,222.9,7843439,,,8.909440218105745,215.41,208.1125,,Sell
29,2022-08-17T00:00:00+05:30,223.5,223.5,220.15,221.45,6118573,,,8.87367336267053,216.27999999999997,209.40499999999997,,Sell
30,2022-08-18T00:00:00+05:30,221.45,222.65,220.6,221.75,4232956,,,8.874718676045312,216.92999999999998,210.57999999999998,,Sell
31,2022-08-19T00:00:00+05:30,221.65,221.65,215.7,217.15,8783091,,,8.45713495097172,217.435,211.545,,Sell
32,2022-08-22T00:00:00+05:30,215.6,220.95,214.05,218.3,10390428,,,8.005235129194165,218.55,212.53000000000003,,Sell
33,2022-08-23T00:00:00+05:30,217.0,223.7,216.6,222.85,9343559,,,7.444024007286168,219.99,213.81750000000002,,Sell
34,2022-08-24T00:00:00+05:30,222.75,226.0,222.0,223.65,10824816,,,7.09630927054044,220.815,214.955,,Sell
35,2022-08-25T00:00:00+05:30,223.7,227.15,223.7,224.9,13077028,,,6.766832812755899,221.32000000000002,216.08499999999998,,Sell
36,2022-08-26T00:00:00+05:30,227.7,232.0,226.5,229.95,12671864,,,6.7570353200046265,222.455,217.41,,Sell
37,2022-08-29T00:00:00+05:30,221.4,231.6,221.4,230.6,8756630,,,6.452141117489661,223.35,218.79749999999999,,Sell
38,2022-08-30T00:00:00+05:30,231.8,235.5,230.85,234.8,12989266,,,7.116909071840318,224.54000000000002,219.975,,Sell
39,2022-09-01T00:00:00+05:30,234.35,236.8,229.55,230.3,9681677,,,7.259702672612554,225.425,220.85249999999996,,Sell
40,2022-09-02T00:00:00+05:30,231.0,232.45,228.2,229.3,4599371,,,7.368012300692704,226.18,221.55499999999998,,Sell
41,2022-09-05T00:00:00+05:30,230.0,232.35,228.5,231.6,4908992,,,7.341149343543674,227.625,222.53000000000003,,Sell
42,2022-09-06T00:00:00+05:30,232.7,234.65,231.0,232.7,5305857,,,6.720750956630811,229.065,223.80749999999998,,Sell
43,2022-09-07T00:00:00+05:30,232.95,239.3,232.35,238.85,12750488,,,6.498653200552721,230.66500000000002,225.32750000000001,,Sell
44,2022-09-08T00:00:00+05:30,240.5,240.5,235.05,236.45,7672537,,,6.510788617445221,231.945,226.38000000000002,,Sell
45,2022-09-09T00:00:00+05:30,237.5,238.0,233.35,237.6,8436280,,,6.778104745972149,233.21499999999997,227.26749999999998,,Sell
46,2022-09-12T00:00:00+05:30,238.5,239.05,228.0,231.5,19052920,,,6.518715465165764,233.36999999999998,227.9125,,Sell
47,2022-09-13T00:00:00+05:30,232.7,235.3,230.65,231.3,9883182,,,6.386579267248156,233.44,228.39499999999998,,Sell
48,2022-09-14T00:00:00+05:30,230.15,233.8,229.55,231.95,7704454,,,6.296730041102941,233.15499999999997,228.8475,,Sell
49,2022-09-15T00:00:00+05:30,233.1,234.95,232.25,234.25,5386755,,,6.154157238468273,233.55,229.4875,213.59,Buy
50,2022-09-16T00:00:00+05:30,233.85,234.0,229.55,231.05,8750592,,,5.884177602064167,233.725,229.95250000000001,214.56199999999998,Buy
51,2022-09-19T00:00:00+05:30,230.5,232.65,228.7,229.9,4011190,,,5.056616301545408,233.555,230.59,215.526,Buy
52,2022-09-20T00:00:00+05:30,231.0,233.8,228.7,229.85,6887568,,,4.159019210039301,233.26999999999998,231.16749999999996,216.403,Buy
53,2022-09-21T00:00:00+05:30,229.85,232.7,227.15,231.55,5673155,,,3.66944980100663,232.54000000000002,231.60250000000002,217.238,Buy
54,2022-09-22T00:00:00+05:30,229.95,231.3,225.5,227.05,7676719,,,3.346147627850688,231.6,231.77249999999998,217.912,Buy
55,2022-09-23T00:00:00+05:30,225.0,226.95,221.0,222.85,5494908,,,3.5902426248466157,230.125,231.67,218.49099999999999,Buy
56,2022-09-26T00:00:00+05:30,221.0,222.1,212.5,215.5,7829043,,,5.093739061983953,228.525,230.9475,218.93200000000002,Buy
57,2022-09-27T00:00:00+05:30,216.0,219.7,212.75,213.9,5793032,,,6.364082498886514,226.785,230.1125,219.37,Buy
58,2022-09-28T00:00:00+05:30,211.7,213.4,208.9,210.8,6134321,,,7.580200577126927,224.67,228.9125,219.71800000000002,Buy
59,2022-09-29T00:00:00+05:30,211.8,215.15,210.65,213.9,8960307,,,8.277208323558156,222.635,228.09250000000003,220.084,Buy
60,2022-09-30T00:00:00+05:30,213.0,216.0,207.85,212.25,12873301,,,8.99333964079741,220.75500000000002,227.24,220.364,Buy
61,2022-10-03T00:00:00+05:30,213.0,218.0,212.3,214.95,11397295,,,9.33272785473397,219.26,226.40749999999997,220.706,Sell
62,2022-10-04T00:00:00+05:30,218.3,224.0,218.1,223.25,10861454,,,9.23610051004101,218.6,225.935,221.19899999999998,Sell
63,2022-10-06T00:00:00+05:30,225.0,234.1,224.65,233.5,12794265,,,8.914229827699836,218.79500000000002,225.66749999999996,221.92699999999996,Sell
64,2022-10-07T00:00:00+05:30,233.0,233.55,227.8,229.7,14641226,,,8.606995318986375,219.06,225.32999999999998,222.503,Sell
65,2022-10-10T00:00:00+05:30,227.0,232.0,226.6,229.85,10850511,,,8.189856932752123,219.76,224.94250000000002,223.054,Sell
66,2022-10-11T00:00:00+05:30,230.95,230.95,224.0,225.45,19154733,,,8.04535825639137,220.75500000000002,224.64000000000001,223.49399999999997,Sell
67,2022-10-12T00:00:00+05:30,225.55,233.0,225.55,232.1,9256431,,,8.08211801317872,222.575,224.68,224.07899999999998,Sell
68,2022-10-13T00:00:00+05:30,232.2,235.6,231.1,234.55,7231788,,,8.2248596212625,224.95,224.81000000000003,224.545,Buy
69,2022-10-14T00:00:00+05:30,238.95,238.95,235.35,236.35,6240532,,,8.363943605236681,227.195,224.91500000000002,225.01699999999997,Buy
70,2022-10-17T00:00:00+05:30,236.35,238.55,232.9,238.0,5622995,,,8.76692160759322,229.76999999999998,225.2625,225.47199999999998,Buy
71,2022-10-18T00:00:00+05:30,238.5,242.15,236.85,241.7,6673453,,,9.464733362941594,232.445,225.85249999999996,226.06400000000002,Buy
72,2022-10-19T00:00:00+05:30,242.0,243.0,237.0,238.2,13885551,,,9.827557923352215,233.93999999999997,226.27000000000004,226.685,Buy
73,2022-10-20T00:00:00+05:30,237.0,242.5,233.6,241.0,10753891,,,10.310103310013861,234.68999999999997,226.7425,227.336,Buy
74,2022-10-21T00:00:00+05:30,241.0,241.35,238.05,238.7,3284933,,,10.651828358006057,235.59,227.325,227.80200000000002,Buy
75,2022-10-24T00:00:00+05:30,240.9,241.7,240.0,240.5,729686,,,10.987424330617877,236.65500000000003,228.20750000000004,228.215,Buy
76,2022-10-25T00:00:00+05:30,240.5,240.95,237.95,239.95,6976305,,,10.858569257309673,238.10500000000002,229.43,228.642,Buy
77,2022-10-27T00:00:00+05:30,240.95,241.6,239.0,240.9,6417866,,,10.498601410614125,238.98499999999999,230.77999999999997,229.02700000000002,Buy
78,2022-10-28T00:00:00+05:30,242.0,247.8,240.55,244.4,14075395,,,9.798087890797433,239.97000000000003,232.45999999999998,229.457,Buy
79,2022-10-31T00:00:00+05:30,246.0,247.5,243.55,245.95,8365022,,,9.205817311266998,240.93,234.0625,229.947,Buy
80,2022-11-01T00:00:00+05:30,247.0,247.0,243.25,245.65,8812774,,,7.989800652937879,241.69500000000002,235.7325,230.425,Buy
81,2022-11-02T00:00:00+05:30,245.65,249.6,242.15,245.8,14973519,,,6.6283184340495,242.10499999999996,237.275,230.998,Buy
82,2022-11-03T00:00:00+05:30,244.0,247.6,241.0,246.2,6754648,,,6.032270127799274,242.90500000000003,238.42249999999999,231.55599999999998,Buy
83,2022-11-04T00:00:00+05:30,246.7,248.7,245.5,246.05,5504798,,,6.144959423445543,243.41,239.05,232.02,Buy
84,2022-11-07T00:00:00+05:30,247.3,251.35,246.75,249.55,10509982,,,6.158333570733551,244.49499999999998,240.04250000000002,232.53799999999998,Buy
85,2022-11-09T00:00:00+05:30,255.5,263.4,254.55,255.8,40391223,,,6.614648815120219,246.025,241.34,233.15599999999998,Buy
86,2022-11-10T00:00:00+05:30,257.95,260.5,252.1,253.6,20832240,,,6.024128567685368,247.39000000000001,242.7475,233.62900000000002,Buy
87,2022-11-11T00:00:00+05:30,258.8,258.9,252.4,253.25,20164848,,,5.911983815233423,248.625,243.80499999999998,234.082,Buy
88,2022-11-14T00:00:00+05:30,254.55,256.25,246.25,247.2,18748609,,,5.5343395697849305,248.90499999999997,244.4375,234.33,Buy
89,2022-11-15T00:00:00+05:30,234.4,238.85,230.6,232.15,20224409,,,5.923380858046922,247.525,244.22750000000002,234.36700000000002,Buy
90,2022-11-16T00:00:00+05:30,233.35,235.5,230.4,234.9,9763605,,,6.131808246221015,246.45,244.0725,234.479,Buy
91,2022-11-17T00:00:00+05:30,234.75,234.75,231.0,232.4,5737037,,,6.65177607861261,245.11000000000004,243.60750000000002,234.495,Buy
92,2022-11-18T00:00:00+05:30,232.45,233.55,228.2,229.55,6412364,,,7.273989349224705,243.445,243.175,234.43200000000002,Buy
93,2022-11-21T00:00:00+05:30,229.0,230.4,226.7,229.45,6430376,,,7.88830705271401,241.78500000000003,242.5975,234.24399999999997,Buy
94,2022-11-22T00:00:00+05:30,228.55,230.7,227.65,229.1,5885605,,,8.412604500015856,239.74,242.11749999999998,234.097,Buy
95,2022-11-23T00:00:00+05:30,230.0,231.1,229.0,230.6,5693093,,,8.7953407970837,237.21999999999997,241.6225,233.957,Buy
96,2022-11-24T00:00:00+05:30,230.75,231.8,227.35,228.5,8197537,,,9.269786802749232,234.70999999999998,241.05,233.89700000000002,Buy
97,2022-11-25T00:00:00+05:30,229.65,233.65,227.8,231.4,10045026,,,9.517953948639581,232.525,240.575,233.899,Sell
98,2022-11-28T00:00:00+05:30,230.55,232.75,228.4,229.85,8146840,,,9.763108259910856,230.79000000000002,239.8475,233.857,Sell
99,2022-11-29T00:00:00+05:30,230.2,231.3,226.35,227.2,6625675,,,10.04250964649787,230.295,238.91,233.71599999999998,Sell
100,2022-11-30T00:00:00+05:30,227.2,228.85,226.55,227.25,12154948,,,10.233556772233642,229.52999999999997,237.99,233.64,Sell
101,2022-12-01T00:00:00+05:30,228.4,230.4,224.9,226.1,22435760,,,10.389163129257259,228.9,237.00500000000002,233.56399999999996,Sell
102,2022-12-02T00:00:00+05:30,226.1,228.0,225.3,226.6,6324879,,,10.400575641963922,228.60500000000002,236.025,233.49900000000002,Sell
103,2022-12-05T00:00:00+05:30,226.6,231.8,226.5,231.25,8729893,,,10.173793734265066,228.785,235.285,233.493,Sell
104,2022-12-06T00:00:00+05:30,232.0,232.5,229.5,231.65,7394839,,,9.625399513239769,229.04000000000002,234.39000000000001,233.585,Sell
105,2022-12-07T00:00:00+05:30,232.15,232.15,228.7,229.75,4519199,,,8.238323076043194,228.955,233.0875,233.72299999999998,Sell
106,2022-12-08T00:00:00+05:30,229.65,231.25,229.0,230.4,3135300,,,6.68492953551041,229.14499999999998,231.9275,234.021,Sell
107,2022-12-09T00:00:00+05:30,231.2,232.35,227.8,228.85,4196447,,,4.437468309746284,228.89000000000001,230.70750000000004,234.32,Sell
108,2022-12-12T00:00:00+05:30,228.35,233.7,228.1,232.4,7881084,,,2.2247575267057997,229.14499999999998,229.96749999999997,234.75199999999998,Sell
109,2022-12-13T00:00:00+05:30,233.4,234.45,231.1,231.55,4878301,,,2.1976587422461535,229.58,229.9375,235.105,Sell
110,2022-12-14T00:00:00+05:30,231.75,233.2,231.35,232.15,4730078,,,1.9419875873640924,230.07000000000002,229.8,235.503,Sell
111,2022-12-15T00:00:00+05:30,231.9,232.6,227.7,228.2,5220495,,,1.8718552575628475,230.27999999999997,229.59,235.76800000000003,Sell
112,2022-12-16T00:00:00+05:30,228.0,229.9,223.3,224.65,7756519,,,2.1737004587139013,230.08499999999998,229.34499999999997,235.79600000000002,Sell
113,2022-12-19T00:00:00+05:30,224.65,227.85,224.5,227.3,4073194,,,2.2208862029195195,229.69,229.2375,235.672,Sell
114,2022-12-20T00:00:00+05:30,226.9,226.9,223.35,226.1,3784138,,,2.3293253484538945,229.135,229.0875,235.6,Sell
115,2022-12-21T00:00:00+05:30,226.5,227.7,222.05,223.85,3674521,,,2.5747253302669515,228.545,228.75,235.48,Sell
116,2022-12-22T00:00:00+05:30,224.1,225.75,219.1,222.7,4753600,,,2.909268310978832,227.775,228.45999999999998,235.425,Sell
117,2022-12-23T00:00:00+05:30,220.0,222.9,214.2,215.05,6559315,,,4.095127881815595,226.39499999999998,227.6425,235.084,Sell
118,2022-12-26T00:00:00+05:30,215.05,221.6,214.25,220.75,3116470,,,4.335437663817176,225.23000000000002,227.1875,234.808,Sell
119,2022-12-27T00:00:00+05:30,222.0,222.9,219.65,221.25,2961718,,,4.53412789734433,224.2,226.89000000000001,234.50600000000003,Sell
120,2022-12-28T00:00:00+05:30,221.25,224.25,220.55,223.2,3015714,,,4.607056229878859,223.30499999999998,226.6875,234.21,Sell
121,2022-12-29T00:00:00+05:30,220.8,224.35,220.45,221.65,4784105,,,4.7423928004422695,222.65,226.465,233.80900000000003,Sell
122,2022-12-30T00:00:00+05:30,222.25,226.45,222.25,225.05,4102247,,,4.752724288016001,222.69,226.3875,233.546,Sell
123,2023-01-02T00:00:00+05:30,226.75,227.2,224.15,224.75,4210225,,,4.623193103655385,222.435,226.0625,233.22099999999998,Sell
124,2023-01-03T00:00:00+05:30,225.0,225.75,223.0,224.1,3643132,,,4.447858739711009,222.23499999999999,225.685,232.929,Sell
125,2023-01-04T00:00:00+05:30,224.35,224.5,216.25,217.15,9550461,,,4.725460155816906,221.565,225.05499999999998,232.46200000000002,Sell
126,2023-01-05T00:00:00+05:30,216.8,218.9,215.2,218.15,8815728,,,4.789661975766968,221.10999999999999,224.44250000000002,232.02599999999998,Sell
127,2023-01-06T00:00:00+05:30,219.0,219.9,212.0,214.25,12237065,,,5.179307894222998,221.03000000000003,223.7125,231.493,Sell
128,2023-01-09T00:00:00+05:30,215.35,217.7,214.0,214.95,6967190,,,5.1081101665574025,220.45,222.84,230.90400000000002,Sell
129,2023-01-10T00:00:00+05:30,215.0,217.3,214.2,216.75,5400260,,,4.845154932073118,220.0,222.1,230.32,Sell
130,2023-01-11T00:00:00+05:30,217.3,218.5,212.2,213.4,7637956,,,4.606313602003572,219.01999999999998,221.1625,229.675,Sell
131,2023-01-12T00:00:00+05:30,215.5,217.0,212.8,213.9,7161675,,,4.566107261806172,218.24499999999998,220.4475,229.037,Sell
132,2023-01-13T00:00:00+05:30,214.2,215.7,213.55,215.1,3671193,,,4.60269943677257,217.25,219.96999999999997,228.415,Sell
133,2023-01-16T00:00:00+05:30,215.5,215.9,212.45,213.75,3987352,,,4.462070412759594,216.15,219.29249999999996,227.769,Sell
134,2023-01-17T00:00:00+05:30,213.75,215.15,211.1,213.1,5871758,,,4.364005734716128,215.05,218.6425,227.04,Sell
135,2023-01-18T00:00:00+05:30,213.85,217.35,213.2,216.85,6441530,,,4.202075771505963,215.01999999999998,218.29250000000002,226.26100000000002,Sell
136,2023-01-19T00:00:00+05:30,216.75,224.8,215.15,223.95,12938871,,,4.279661201544315,215.6,218.35500000000002,225.668,Sell
137,2023-01-20T00:00:00+05:30,224.85,229.25,222.75,227.0,13444947,,,4.615006272448657,216.875,218.95250000000001,225.143,Sell
138,2023-01-23T00:00:00+05:30,228.5,230.4,227.2,230.1,8736715,,,5.238179675783656,218.39000000000001,219.42,224.801,Sell
139,2023-01-24T00:00:00+05:30,230.2,232.0,227.2,227.6,4252051,,,5.538759955270557,219.475,219.7375,224.71,Sell
140,2023-01-25T00:00:00+05:30,227.8,228.0,223.75,226.15,3855827,,,5.673463158471176,220.75,219.885,224.535,Sell
141,2023-01-27T00:00:00+05:30,227.0,227.65,219.3,222.4,6171667,,,5.688202819502209,221.6,219.92249999999999,224.335,Sell
142,2023-01-30T00:00:00+05:30,222.4,226.8,220.75,225.85,6172517,,,5.728825428434442,222.675,219.9625,224.261,Sell
143,2023-01-31T00:00:00+05:30,225.0,228.35,223.9,224.85,7424552,,,5.733265694725754,223.785,219.96750000000003,224.169,Sell
144,2023-02-01T00:00:00+05:30,228.0,228.0,214.15,220.65,24008324,,,5.653734210795482,224.54000000000002,219.795,224.0,Buy
145,2023-02-02T00:00:00+05:30,221.0,221.7,217.0,217.65,6806578,,,5.6425171687823354,224.62000000000003,219.82000000000002,223.74099999999999,Buy
146,2023-02-03T00:00:00+05:30,218.0,220.7,214.6,218.9,8776614,,,5.633318994583944,224.115,219.8575,223.54899999999998,Buy
147,2023-02-06T00:00:00+05:30,219.2,220.35,215.65,219.6,5742322,,,5.477910185463374,223.375,220.125,223.313,Buy
148,2023-02-07T00:00:00+05:30,219.6,221.15,217.0,219.7,4907167,,,5.343044544078154,222.33499999999998,220.3625,223.11,Sell
149,2023-02-08T00:00:00+05:30,214.75,217.15,214.15,215.5,6316867,,,5.394587931192869,221.125,220.3,222.87600000000003,Sell
150,2023-02-09T00:00:00+05:30,216.0,216.8,213.2,214.55,4383159,,,5.322822633666936,219.965,220.35750000000002,222.622,Sell
151,2023-02-10T00:00:00+05:30,214.0,214.4,210.95,211.5,4954439,,,5.500164471225354,218.875,220.2375,222.33,Sell
152,2023-02-13T00:00:00+05:30,211.5,213.7,209.15,213.05,6142208,,,5.618767892659593,217.59499999999997,220.13500000000005,222.05900000000003,Sell
153,2023-02-14T00:00:00+05:30,213.05,214.3,211.1,211.75,6758731,,,5.754542827879391,216.285,220.03500000000003,221.669,Sell
154,2023-02-15T00:00:00+05:30,211.0,213.8,210.3,212.9,9612884,,,5.767387897297887,215.51,220.025,221.294,Sell
155,2023-02-16T00:00:00+05:30,213.5,216.5,213.1,215.45,13093683,,,5.816240873170597,215.29000000000002,219.95499999999998,221.00799999999998,Sell
156,2023-02-17T00:00:00+05:30,214.85,218.25,214.2,217.5,7243093,,,5.7616306856564705,215.15,219.6325,220.75,Sell
157,2023-02-20T00:00:00+05:30,217.85,218.95,215.95,218.3,8479587,,,5.498527913044541,215.02000000000004,219.1975,220.53900000000002,Sell
158,2023-02-21T00:00:00+05:30,218.8,219.2,213.35,214.05,4655766,,,4.969350799493321,214.455,218.39500000000004,220.172,Sell
159,2023-02-22T00:00:00+05:30,214.55,215.85,211.6,211.85,6003852,,,4.672970288349108,214.09,217.6075,219.778,Sell
160,2023-02-23T00:00:00+05:30,212.95,215.95,212.45,214.9,6219715,,,4.248371204913839,214.125,217.04500000000002,219.433,Sell
161,2023-02-24T00:00:00+05:30,216.0,217.3,214.7,217.05,5154174,,,4.0575944065942995,214.68,216.7775,219.21,Sell
162,2023-02-27T00:00:00+05:30,217.0,218.0,215.1,216.95,4841279,,,3.453269808228933,215.07,216.33250000000004,219.05599999999998,Sell
163,2023-02-28T00:00:00+05:30,216.6,216.95,212.0,215.4,6054079,,,2.8138099288676317,215.435,215.85999999999999,218.81799999999998,Sell
164,2023-03-01T00:00:00+05:30,215.4,219.0,214.5,218.75,4510175,,,2.6720827673921503,216.01999999999998,215.76500000000001,218.671,Sell
165,2023-03-02T00:00:00+05:30,218.75,224.45,217.35,222.85,11354939,,,3.0860680143960217,216.76,216.025,218.65099999999998,Sell
166,2023-03-03T00:00:00+05:30,223.9,226.45,222.4,222.95,7087708,,,3.401411278310072,217.305,216.22750000000002,218.65600000000003,Sell
167,2023-03-06T00:00:00+05:30,222.95,225.5,221.75,225.05,4768920,,,3.8716241661885067,217.98000000000002,216.5,218.856,Sell
168,2023-03-08T00:00:00+05:30,224.85,225.15,222.65,224.85,4269980,,,4.248568644416612,219.06,216.7575,218.938,Buy
169,2023-03-09T00:00:00+05:30,224.85,226.95,223.65,224.8,4263402,,,4.598239794805219,220.35500000000002,217.2225,219.009,Buy
170,2023-03-10T00:00:00+05:30,222.95,225.3,221.45,224.35,3670025,,,4.81548694045452,221.3,217.7125,219.032,Buy
171,2023-03-13T00:00:00+05:30,224.2,225.75,219.35,220.8,3877405,,,4.629438837199607,221.675,218.1775,219.015,Buy
172,2023-03-14T00:00:00+05:30,220.8,222.8,218.85,221.05,5723697,,,4.5070843358572485,222.08499999999998,218.57749999999996,218.935,Buy
173,2023-03-15T00:00:00+05:30,221.95,223.2,219.6,219.9,2992093,,,4.216355997154428,222.535,218.98499999999999,218.838,Buy
174,2023-03-16T00:00:00+05:30,218.55,222.45,216.35,220.85,4988240,,,3.9806530474551063,222.74499999999998,219.3825,218.773,Buy
175,2023-03-17T00:00:00+05:30,222.0,225.95,220.1,221.65,15718726,,,3.8988620134602034,222.625,219.69250000000002,218.863,Buy
176,2023-03-20T00:00:00+05:30,220.0,221.6,215.7,217.05,4243107,,,3.9134518347822875,222.035,219.67000000000002,218.841,Buy
177,2023-03-21T00:00:00+05:30,218.15,218.95,215.95,217.05,3998735,,,3.946326573036704,221.23500000000004,219.6075,218.89700000000002,Buy
178,2023-03-22T00:00:00+05:30,216.9,216.9,213.1,213.95,9674281,,,3.9537948127154543,220.14499999999998,219.60250000000002,218.877,Buy
179,2023-03-23T00:00:00+05:30,213.15,214.75,212.4,213.35,4730789,,,3.810631768314433,219.0,219.6775,218.80899999999997,Buy
180,2023-03-24T00:00:00+05:30,213.25,213.9,208.0,208.45,6607051,,,4.4547402310705975,217.41,219.35499999999996,218.71,Sell
181,2023-03-27T00:00:00+05:30,208.5,210.2,207.6,208.4,4001454,,,5.067997502388281,216.17,218.92249999999999,218.6,Sell
182,2023-03-28T00:00:00+05:30,209.4,211.25,208.45,208.9,6156441,,,5.531379384451977,214.955,218.51999999999998,218.476,Sell
183,2023-03-29T00:00:00+05:30,209.95,214.9,208.4,212.95,16725719,,,5.630356513906359,214.26,218.39749999999998,218.46,Sell
184,2023-03-31T00:00:00+05:30,212.2,214.3,211.15,213.25,5134824,,,5.745375142348799,213.5,218.1225,218.463,Sell
185,2023-04-03T00:00:00+05:30,214.1,220.85,213.8,220.15,7753796,,,5.65952562174266,213.35,217.9875,218.52899999999997,Sell
186,2023-04-05T00:00:00+05:30,220.3,224.25,220.3,222.5,6490454,,,5.639617848195742,213.89499999999998,217.965,218.5,Sell
187,2023-04-06T00:00:00+05:30,222.45,223.15,220.3,221.7,4588948,,,5.465164200355369,214.35999999999999,217.79749999999999,218.394,Sell
188,2023-04-10T00:00:00+05:30,221.45,224.45,221.15,222.05,3497250,,,5.308614523385425,215.17,217.65750000000003,218.233,Sell
189,2023-04-11T00:00:00+05:30,222.75,224.3,222.0,223.65,3995855,,,5.232866779963547,216.2,217.6,218.15399999999997,Sell
190,2023-04-12T00:00:00+05:30,224.0,228.0,223.65,227.7,5135033,,,5.506748849797008,218.125,217.76749999999998,218.185,Sell
191,2023-04-13T00:00:00+05:30,227.9,229.65,224.45,225.5,3478021,,,5.738385867857332,219.83499999999998,218.00249999999997,218.247,Buy
192,2023-04-17T00:00:00+05:30,225.5,229.95,225.4,229.25,6263434,,,6.238713493392288,221.86999999999998,218.4125,218.315,Buy
193,2023-04-18T00:00:00+05:30,229.6,232.4,229.25,232.2,8004714,,,6.957870874431789,223.795,219.0275,218.46200000000002,Buy
194,2023-04-19T00:00:00+05:30,233.6,234.6,229.0,230.4,7424141,,,7.402984817661661,225.51,219.50500000000002,218.657,Buy
195,2023-04-20T00:00:00+05:30,229.9,231.5,229.1,229.55,2588660,,,7.727122430286327,226.45,219.9,218.895,Buy
196,2023-04-21T00:00:00+05:30,230.0,230.45,227.45,230.05,2459508,,,8.016135044560668,227.20499999999998,220.55,219.11800000000002,Buy
197,2023-04-24T00:00:00+05:30,229.55,232.0,229.55,231.55,2587030,,,8.3323955612702,228.19,221.275,219.357,Buy
198,2023-04-25T00:00:00+05:30,231.15,232.3,229.9,230.25,2570946,,,8.375270616209246,229.01,222.08999999999997,219.56799999999998,Buy
199,2023-04-26T00:00:00+05:30,230.0,230.65,228.0,229.75,3439487,,,8.276784272574554,229.61999999999998,222.91000000000003,219.85299999999998,Buy
200,2023-04-27T00:00:00+05:30,229.75,232.5,229.15,231.75,3349374,,,7.757873759166094,230.025,224.075,220.197,Buy
201,2023-04-28T00:00:00+05:30,232.5,234.75,231.6,233.1,4771074,,,7.06640681415648,230.785,225.31,220.62900000000002,Buy
202,2023-05-02T00:00:00+05:30,233.2,237.45,233.1,236.1,3773537,,,6.319943370832108,231.46999999999997,226.67000000000002,221.09,Buy
203,2023-05-03T00:00:00+05:30,236.05,238.95,234.6,236.9,4523385,,,5.833778115874891,231.94,227.8675,221.593,Buy
204,2023-05-04T00:00:00+05:30,236.85,238.0,234.15,237.45,7248108,,,5.1067415453029525,232.64500000000004,229.07750000000001,222.08399999999997,Buy
205,2023-05-05T00:00:00+05:30,237.85,238.0,236.0,237.4,3043479,,,4.974582764836352,233.42999999999998,229.94,222.52300000000002,Buy
206,2023-05-08T00:00:00+05:30,232.5,233.4,230.0,232.85,9711437,,,4.690086830078976,233.71000000000004,230.45749999999998,222.83,Buy
207,2023-05-09T00:00:00+05:30,234.8,238.8,233.5,236.35,7318928,,,4.384410180580118,234.19,231.19,223.19099999999997,Buy
208,2023-05-10T00:00:00+05:30,236.95,237.25,234.55,236.55,3650159,,,3.9730374168619074,234.82,231.91500000000002,223.64100000000002,Buy
209,2023-05-11T00:00:00+05:30,236.55,238.15,235.7,236.15,2675726,,,3.566865054327739,235.45999999999998,232.54000000000002,224.127,Buy
210,2023-05-12T00:00:00+05:30,236.15,237.25,234.25,235.05,2348435,,,3.417458081211365,235.79000000000002,232.90750000000003,224.53,Buy
211,2023-05-15T00:00:00+05:30,234.6,239.6,233.85,237.7,4217892,,,3.0997145454303228,236.25,233.5175,224.94299999999998,Buy
212,2023-05-16T00:00:00+05:30,238.75,241.7,237.45,240.95,6016484,,,3.346186950135517,236.73500000000004,234.10250000000002,225.423,Buy
213,2023-05-17T00:00:00+05:30,240.95,243.7,240.75,241.6,4968232,,,3.7057379050664694,237.205,234.5725,225.947,Buy
214,2023-05-18T00:00:00+05:30,242.0,242.9,238.95,239.6,3512113,,,3.7314550216960796,237.42,235.03249999999997,226.364,Buy
215,2023-05-19T00:00:00+05:30,240.0,241.6,236.3,239.9,3810543,,,3.647854452312534,237.67000000000002,235.55,226.705,Buy
216,2023-05-22T00:00:00+05:30,239.4,241.2,237.45,238.7,2891415,,,3.469880742678918,238.25499999999997,235.9825,227.02,Buy
217,2023-05-23T00:00:00+05:30,238.95,240.2,236.8,239.3,3213453,,,3.3804157327625393,238.55,236.37000000000003,227.305,Buy
218,2023-05-24T00:00:00+05:30,238.3,241.5,238.0,241.0,2422138,,,3.2062551939004176,238.99500000000003,236.90749999999997,227.628,Buy
219,2023-05-25T00:00:00+05:30,241.25,242.2,237.9,240.05,3810138,,,2.7972013739285573,239.385,237.42249999999999,227.93300000000002,Buy
220,2023-05-26T00:00:00+05:30,239.8,242.45,239.1,241.5,2646742,,,2.5991699079740895,240.02999999999997,237.91000000000003,228.276,Buy
221,2023-05-29T00:00:00+05:30,241.55,247.65,240.8,246.1,8069985,,,2.936593085083418,240.87000000000003,238.56,228.78199999999998,Buy
222,2023-05-30T00:00:00+05:30,246.25,247.15,243.3,244.3,4657906,,,3.14041566139052,241.20499999999998,238.96999999999997,229.247,Buy
223,2023-05-31T00:00:00+05:30,247.9,247.9,239.3,241.25,15727646,,,3.1401422612747276,241.17,239.1875,229.674,Buy
224,2023-06-01T00:00:00+05:30,230.4,231.9,229.15,230.35,35509867,,,3.6985870346150747,240.24499999999998,238.83250000000004,229.864,Buy
225,2023-06-02T00:00:00+05:30,228.5,233.4,228.1,230.9,36400588,,,4.095384918609031,239.34499999999997,238.5075,230.049,Buy
226,2023-06-05T00:00:00+05:30,230.5,231.2,229.45,229.7,19807347,,,4.375409755246617,238.44500000000002,238.35,230.30199999999996,Buy
227,2023-06-06T00:00:00+05:30,229.8,230.65,226.75,227.8,13495524,,,4.959771721189142,237.295,237.92249999999999,230.517,Buy
228,2023-06-07T00:00:00+05:30,228.75,231.5,228.1,230.7,21853324,,,5.211106559929404,236.26500000000001,237.62999999999997,230.85199999999998,Buy
229,2023-06-08T00:00:00+05:30,231.4,231.4,227.65,228.1,8538256,,,5.625820992717188,235.07000000000002,237.22750000000002,231.14700000000002,Buy
230,2023-06-09T00:00:00+05:30,228.95,229.45,227.35,227.65,5137982,,,6.006997564244092,233.68500000000003,236.8575,231.53099999999998,Buy
231,2023-06-12T00:00:00+05:30,228.25,229.25,226.65,229.0,4261576,,,6.252756760442209,231.975,236.42249999999999,231.94299999999998,Buy
232,2023-06-13T00:00:00+05:30,230.0,230.3,228.0,228.95,5574798,,,6.37008789082498,230.44,235.8225,232.34400000000002,Sell
233,2023-06-14T00:00:00+05:30,229.9,229.9,227.55,228.95,7034468,,,6.394212020915038,229.20999999999998,235.19,232.66400000000002,Sell
234,2023-06-15T00:00:00+05:30,229.2,229.65,227.9,228.6,6363240,,,6.467583132742943,229.03500000000003,234.64000000000001,232.97099999999998,Sell
235,2023-06-16T00:00:00+05:30,228.5,229.7,228.1,228.8,8493983,,,6.468712147104647,228.825,234.08499999999998,233.144,Sell
236,2023-06-19T00:00:00+05:30,228.5,228.8,226.6,227.5,8170958,,,6.53264071695638,228.60499999999996,233.525,233.24400000000003,Sell
237,2023-06-20T00:00:00+05:30,227.75,227.75,225.65,227.4,5012618,,,6.5208854742600435,228.565,232.92999999999998,233.358,Sell
238,2023-06-21T00:00:00+05:30,227.8,228.8,226.5,228.5,4630720,,,6.302065242107891,228.34499999999997,232.30499999999998,233.487,Sell
239,2023-06-22T00:00:00+05:30,228.4,229.6,226.6,227.1,6553159,,,6.127274550813591,228.24499999999998,231.65749999999997,233.556,Sell
240,2023-06-23T00:00:00+05:30,227.1,227.4,224.85,226.05,3873163,,,5.785464999734557,228.08499999999998,230.885,233.523,Sell
241,2023-06-26T00:00:00+05:30,226.0,226.05,223.25,224.3,6129583,,,4.724318385812132,227.61499999999995,229.79500000000002,233.49900000000002,Sell
242,2023-06-27T00:00:00+05:30,226.35,226.45,223.9,225.4,6138997,,,3.364872719888425,227.26,228.85,233.422,Sell
243,2023-06-28T00:00:00+05:30,225.15,227.65,224.2,227.55,19486078,,,1.6807031736424443,227.11999999999998,228.16500000000002,233.32899999999998,Sell
244,2023-06-30T00:00:00+05:30,227.9,231.35,226.9,230.7,7830753,,,1.7062790386955387,227.33,228.18249999999998,233.335,Sell
245,2023-07-03T00:00:00+05:30,231.5,233.7,229.9,231.65,7830067,,,1.7759652675590147,227.615,228.21999999999997,233.377,Sell
246,2023-07-04T00:00:00+05:30,232.25,232.8,230.35,231.55,3637838,,,1.9008914113888011,228.02000000000004,228.3125,233.40699999999998,Sell
247,2023-07-05T00:00:00+05:30,231.8,232.85,230.1,231.55,4845075,,,2.028351677178459,228.435,228.5,233.407,Sell
248,2023-07-06T00:00:00+05:30,231.4,235.85,231.0,234.2,7239769,,,2.3531334093293665,229.00500000000002,228.675,233.486,Sell
249,2023-07-07T00:00:00+05:30,232.0,235.8,232.0,234.4,6256468,,,2.6721566295088706,229.73499999999999,228.99,233.579,Sell
250,2023-07-10T00:00:00+05:30,235.0,235.55,232.85,233.8,6208469,,,2.857284089553843,230.51,229.29750000000004,233.62,Sell
251,2023-07-11T00:00:00+05:30,233.8,235.75,233.55,234.1,10767906,255.8,243.01,3.0503871626568344,231.49,229.5525,233.64,Sell
252,2023-07-12T00:00:00+05:30,235.0,237.25,233.65,233.95,11296897,255.8,243.01,3.199649446258697,232.34500000000003,229.8025,233.59699999999998,Sell
253,2023-07-13T00:00:00+05:30,235.0,235.2,229.05,230.05,20187509,255.8,243.01,3.193672815525687,232.59499999999997,229.8575,233.46,Sell
254,2023-07-14T00:00:00+05:30,230.0,232.05,229.8,231.4,7375591,255.8,243.01,3.1970164956847387,232.66500000000002,229.99750000000003,233.33900000000003,Sell
255,2023-07-17T00:00:00+05:30,231.0,232.65,229.9,230.4,4946620,255.8,243.01,3.1854717489178848,232.54000000000002,230.07750000000001,233.19899999999998,Sell
256,2023-07-18T00:00:00+05:30,229.7,232.45,227.55,228.2,6141666,255.8,243.01,3.1594001346018787,232.20499999999998,230.1125,233.10600000000002,Sell
257,2023-07-19T00:00:00+05:30,229.2,229.9,228.2,228.7,5221454,255.8,243.01,3.1136995680373563,231.92000000000002,230.1775,232.953,Sell
258,2023-07-20T00:00:00+05:30,228.65,230.7,227.75,229.65,3140591,255.8,243.01,3.091631318660474,231.46499999999997,230.23500000000004,232.815,Sell
259,2023-07-21T00:00:00+05:30,229.6,230.5,228.55,229.15,3884428,255.8,243.01,3.015262710034109,230.94,230.3375,232.675,Sell
260,2023-07-24T00:00:00+05:30,229.0,232.0,228.55,231.1,3445839,255.8,243.01,2.8439039142840254,230.67,230.59,232.59600000000003,Sell
261,2023-07-25T00:00:00+05:30,232.3,232.3,228.85,229.9,11001025,255.8,243.01,2.4388521890421417,230.25,230.86999999999998,232.44,Sell
262,2023-07-26T00:00:00+05:30,230.55,231.15,228.9,230.75,7559218,255.8,243.01,2.073318913188461,229.92999999999998,231.1375,232.23600000000002,Sell
263,2023-07-27T00:00:00+05:30,231.0,231.65,228.2,229.65,7824611,255.8,243.01,1.9303173314238917,229.89000000000001,231.2425,231.997,Sell
264,2023-07-28T00:00:00+05:30,229.6,229.9,226.85,227.5,8808862,255.8,243.01,2.10258456241379,229.5,231.08250000000004,231.755,Sell
265,2023-07-31T00:00:00+05:30,228.5,229.95,226.9,229.25,19403536,255.8,243.01,2.136701528302025,229.385,230.9625,231.542,Sell
266,2023-08-01T00:00:00+05:30,230.0,241.25,229.05,241.2,22342934,255.8,243.01,3.1334317827004705,230.685,231.44500000000002,231.592,Sell
267,2023-08-02T00:00:00+05:30,241.15,243.15,232.4,234.8,24944433,255.8,243.01,3.2221795091938867,231.295,231.60750000000002,231.502,Sell
268,2023-08-03T00:00:00+05:30,234.55,235.1,229.45,230.7,13927987,255.8,243.01,3.1685657970952206,231.4,231.43250000000003,231.29600000000002,Buy
269,2023-08-04T00:00:00+05:30,232.8,236.5,230.55,234.4,6692705,255.8,243.01,3.1685657970952206,231.925,231.43249999999998,231.183,Buy
270,2023-08-07T00:00:00+05:30,234.75,235.9,232.3,233.0,6719018,255.8,243.01,3.142044046392261,232.115,231.39249999999998,231.013,Buy
271,2023-08-08T00:00:00+05:30,233.0,235.2,229.4,230.4,13785695,255.8,243.01,3.082602924391842,232.16500000000002,231.20750000000004,230.699,Buy
272,2023-08-09T00:00:00+05:30,233.25,235.65,230.65,234.7,34995276,255.8,243.01,3.1220312213947916,232.56,231.24500000000003,230.507,Buy
273,2023-08-10T00:00:00+05:30,234.75,236.8,234.45,234.8,10715815,255.8,243.01,3.2058858288098415,233.075,231.48250000000002,230.378,Buy
274,2023-08-11T00:00:00+05:30,234.0,235.6,233.8,235.25,6055104,255.8,243.01,3.3144222327333877,233.85,231.675,230.476,Buy
275,2023-08-14T00:00:00+05:30,236.0,236.15,230.75,234.15,6065410,255.8,243.01,3.3444327266597984,234.34,231.8625,230.541,Buy
276,2023-08-16T00:00:00+05:30,234.0,234.8,232.1,233.05,4499328,255.8,243.01,3.239066629690419,233.525,232.10500000000002,230.60800000000003,Buy
277,2023-08-17T00:00:00+05:30,233.7,233.75,231.1,232.25,5579964,255.8,243.01,3.138356718846962,233.26999999999998,232.28250000000003,230.697,Buy
278,2023-08-18T00:00:00+05:30,228.5,228.95,227.0,227.25,6782572,255.8,243.01,3.286690664834594,232.925,232.1625,230.62800000000004,Buy
279,2023-08-21T00:00:00+05:30,227.45,230.8,227.1,230.35,4944200,255.8,243.01,3.2394149488019237,232.52000000000004,232.2225,230.673,Buy
280,2023-08-22T00:00:00+05:30,230.4,232.0,229.7,230.9,4265688,255.8,243.01,3.2433687409033127,232.31000000000003,232.2125,230.73800000000003,Buy
281,2023-08-23T00:00:00+05:30,231.25,231.5,230.45,230.8,2510189,255.8,243.01,3.2157210454422662,232.35,232.25750000000002,230.774,Buy
282,2023-08-24T00:00:00+05:30,231.85,232.6,228.5,229.75,6355428,255.8,243.01,3.248006473612182,231.85500000000002,232.20750000000004,230.79,Buy
283,2023-08-25T00:00:00+05:30,229.0,230.05,227.5,227.8,3870379,255.8,243.01,3.349434359158407,231.15500000000003,232.11499999999995,230.76699999999997,Buy
284,2023-08-28T00:00:00+05:30,228.5,230.0,227.5,229.4,3343245,255.8,243.01,3.2366974721636943,230.57000000000002,232.20999999999998,230.78300000000002,Sell
285,2023-08-29T00:00:00+05:30,229.45,230.4,228.8,230.05,3097131,255.8,243.01,3.2029591580936665,230.16,232.25,230.808,Sell
286,2023-08-30T00:00:00+05:30,230.1,230.45,228.5,228.65,4070913,255.8,243.01,2.51210097643084,229.72000000000003,231.6225,230.831,Sell
287,2023-08-31T00:00:00+05:30,229.0,230.4,228.4,230.3,10390144,255.8,243.01,2.412057158700329,229.525,231.39749999999998,230.889,Sell
288,2023-09-01T00:00:00+05:30,230.7,237.25,230.65,236.9,14869577,255.8,243.01,2.699038571514231,230.48999999999995,231.70749999999998,231.05700000000002,Sell
289,2023-09-04T00:00:00+05:30,238.75,248.95,238.15,247.8,24785966,255.8,243.01,4.478911845056172,232.23499999999999,232.3775,231.47099999999998,Buy
290,2023-09-05T00:00:00+05:30,249.35,255.9,247.5,255.35,19654487,255.8,243.01,6.819185396634904,234.67999999999998,233.49500000000003,232.05700000000002,Buy
291,2023-09-06T00:00:00+05:30,255.95,257.8,252.55,255.8,13346191,255.8,243.01,8.395489077004346,237.18,234.76499999999996,232.68699999999998,Buy
292,2023-09-07T00:00:00+05:30,256.0,274.75,254.8,274.0,72255521,274.0,260.3,12.142480887580446,241.60500000000002,236.72999999999996,233.659,Buy
293,2023-09-08T00:00:00+05:30,274.6,284.45,270.9,282.1,41855413,282.1,267.995,15.80173957778709,247.035,239.09499999999997,234.75,Buy
294,2023-09-11T00:00:00+05:30,284.0,284.2,277.25,278.95,14505153,282.1,267.995,18.096753125469828,251.98999999999995,241.27999999999997,235.715,Buy
295,2023-09-12T00:00:00+05:30,280.0,280.05,269.0,270.75,17547706,282.1,267.995,19.15727565512138,256.06000000000006,243.10999999999999,236.497,Buy
296,2023-09-13T00:00:00+05:30,271.5,281.5,269.0,279.65,17607568,282.1,267.995,20.64539326721301,261.15999999999997,245.44,237.459,Buy
297,2023-09-14T00:00:00+05:30,281.3,282.2,276.7,277.55,12033796,282.1,267.995,21.585673245782093,265.885,247.70499999999998,238.379,Buy
298,2023-09-15T00:00:00+05:30,278.5,284.15,277.55,279.3,13288180,282.1,267.995,22.12079442634507,270.125,250.30749999999998,239.28100000000003,Buy
299,2023-09-18T00:00:00+05:30,279.3,282.75,274.45,281.25,8754852,282.1,267.995,22.626088080843576,273.46999999999997,252.85250000000002,240.218,Buy
300,2023-09-20T00:00:00+05:30,279.5,288.0,279.1,284.3,18615797,284.3,270.085,23.04607784303771,276.365,255.52249999999998,241.22799999999998,Buy
301,2023-09-21T00:00:00+05:30,284.9,286.8,278.6,280.45,11071899,284.3,270.085,22.916593046133396,278.83000000000004,258.005,242.155,Buy
302,2023-09-22T00:00:00+05:30,280.0,286.1,279.2,283.35,8691024,284.3,270.085,22.569903691233645,279.765,260.685,243.14300000000003,Buy
303,2023-09-25T00:00:00+05:30,284.3,289.0,281.15,288.05,9118957,288.05,273.6475,21.96232105339992,280.36,263.69750000000005,244.303,Buy
304,2023-09-26T00:00:00+05:30,288.45,291.4,286.15,286.75,11256196,288.05,273.6475,20.970123484313312,281.14,266.565,245.41,Buy
305,2023-09-27T00:00:00+05:30,288.0,293.4,284.5,291.55,12805340,291.55,276.9725,19.810906087304005,283.21999999999997,269.64,246.63300000000004,Buy
306,2023-09-28T00:00:00+05:30,291.55,294.15,289.0,290.2,12432497,291.55,276.9725,17.785389294822835,284.275,272.71750000000003,247.873,Buy
307,2023-09-29T00:00:00+05:30,292.8,297.5,291.4,295.2,8640829,295.2,280.44,15.399417923038433,286.04,275.9625,249.20300000000003,Buy
308,2023-10-03T00:00:00+05:30,297.05,297.1,290.1,291.9,9348540,295.2,280.44,12.737376361673645,287.3,278.7125,250.44799999999998,Buy
309,2023-10-04T00:00:00+05:30,290.8,291.5,285.9,287.95,6338888,295.2,280.44,10.592256357208147,287.97,280.71999999999997,251.62399999999997,Buy
310,2023-10-05T00:00:00+05:30,288.8,290.55,283.9,289.35,8687014,295.2,280.44,8.899325817160172,288.475,282.41999999999996,252.789,Buy
311,2023-10-06T00:00:00+05:30,290.95,291.0,287.0,287.8,3741467,295.2,280.44,6.382055435274776,289.21000000000004,284.02000000000004,253.947,Buy
312,2023-10-09T00:00:00+05:30,286.05,288.95,283.05,287.8,4647845,295.2,280.44,5.974718667675271,289.655,284.71000000000004,255.088,Buy
313,2023-10-10T00:00:00+05:30,288.25,303.9,287.8,303.25,23283411,303.25,288.0875,7.228603180929257,291.175,285.76750000000004,256.56,Buy
314,2023-10-11T00:00:00+05:30,304.55,305.0,299.45,301.85,12321154,303.25,288.0875,7.876511968469634,292.68500000000006,286.9125,258.047,Buy
315,2023-10-12T00:00:00+05:30,302.55,309.1,301.9,307.2,15375295,307.2,291.84,8.152092078916235,294.25,288.735,259.606,Buy
316,2023-10-13T00:00:00+05:30,305.0,310.85,304.45,307.95,9516879,307.95,292.55249999999995,8.912764353500151,296.025,290.15,260.941,Buy
317,2023-10-16T00:00:00+05:30,307.85,313.65,306.55,312.0,10535107,312.0,296.4,9.648104190650814,297.705,291.87250000000006,262.485,Buy
318,2023-10-17T00:00:00+05:30,313.0,318.35,312.1,317.4,7760527,317.4,301.53,10.735179195914231,300.255,293.77750000000003,264.219,Buy
319,2023-10-18T00:00:00+05:30,317.35,319.75,315.25,316.95,9662837,317.4,301.53,11.48440447095971,303.15500000000003,295.5625,265.87,Buy
320,2023-10-19T00:00:00+05:30,315.3,315.7,308.85,314.8,8977527,317.4,301.53,11.926671514761349,305.7,297.0875,267.506,Buy
321,2023-10-20T00:00:00+05:30,312.5,316.7,309.6,312.4,6009115,317.4,301.53,11.718834368115921,308.15999999999997,298.685,269.14599999999996,Buy
322,2023-10-23T00:00:00+05:30,312.55,312.85,305.0,306.1,8086150,317.4,301.53,11.246595683745829,309.99,299.8225,270.57399999999996,Buy
323,2023-10-25T00:00:00+05:30,306.1,312.7,305.0,310.3,7253336,317.4,301.53,11.12054878426077,310.69500000000005,300.935,272.084,Buy
324,2023-10-26T00:00:00+05:30,309.15,309.15,302.9,305.25,8329092,317.4,301.53,10.637466061543593,311.03499999999997,301.86,273.48400000000004,Buy
325,2023-10-27T00:00:00+05:30,306.0,317.15,306.0,313.95,10503070,317.4,301.53,10.67397720972128,311.71,302.97999999999996,275.08,Buy
326,2023-10-30T00:00:00+05:30,315.0,315.8,311.95,314.55,6229982,317.4,301.53,10.527238791768335,312.37,304.1975,276.71,Buy
327,2023-10-31T00:00:00+05:30,316.75,316.8,310.75,314.25,7446586,317.4,301.53,10.532118795178576,312.595,305.15,278.35,Buy
328,2023-11-01T00:00:00+05:30,313.2,315.8,305.85,306.65,9593653,317.4,301.53,10.061375795322473,311.52,305.8875,279.938,Buy
329,2023-11-02T00:00:00+05:30,308.95,312.8,307.3,308.85,7071960,317.4,301.53,9.143811179956666,310.71000000000004,306.9325,281.50800000000004,Buy
330,2023-11-03T00:00:00+05:30,310.6,314.7,310.3,312.0,4658440,317.4,301.53,8.2060968989985,310.43,308.065,283.13,Buy
331,2023-11-06T00:00:00+05:30,313.2,319.55,313.0,316.55,10340818,317.4,301.53,6.880396924747007,310.84499999999997,309.5025,284.845,Buy
332,2023-11-07T00:00:00+05:30,316.5,318.8,313.65,314.25,6826885,317.4,301.53,4.679279634163706,311.65999999999997,310.825,286.535,Buy
333,2023-11-08T00:00:00+05:30,316.0,318.15,314.55,317.4,6424833,317.4,301.53,4.541367606437983,312.37,311.53249999999997,288.327,Buy
334,2023-11-09T00:00:00+05:30,318.45,324.5,315.7,323.55,15503280,323.55,307.3725,4.695918580613529,314.2,312.6175,290.21,Buy
335,2023-11-10T00:00:00+05:30,324.45,326.15,321.55,323.4,8445203,323.55,307.3725,5.092679860138119,315.145,313.42749999999995,292.077,Buy
336,2023-11-12T00:00:00+05:30,330.0,336.7,328.25,331.8,10263484,331.8,315.21,6.373782649504075,316.87,314.62,294.14,Buy
337,2023-11-13T00:00:00+05:30,333.0,350.0,330.3,349.35,42178783,349.35,331.8825,10.003773958912374,320.38,316.4875,296.52099999999996,Buy
338,2023-11-15T00:00:00+05:30,359.0,359.0,348.6,350.6,35092206,350.6,333.07,12.58477019215821,324.775,318.1475,298.795,Buy
339,2023-11-16T00:00:00+05:30,353.0,354.5,344.85,345.8,17617280,350.6,333.07,14.01270663963178,328.46999999999997,319.59000000000003,300.755,Buy
340,2023-11-17T00:00:00+05:30,348.0,348.55,342.3,345.25,13542916,350.6,333.07,15.078556358022613,331.79499999999996,321.1125,302.553,Buy
341,2023-11-20T00:00:00+05:30,348.0,352.4,343.95,347.75,19032608,350.6,333.07,16.044448129787195,334.915,322.88,304.392,Buy
342,2023-11-21T00:00:00+05:30,335.0,338.5,328.85,334.2,15148068,350.6,333.07,15.724863818336257,336.91,324.28499999999997,305.596,Buy
343,2023-11-22T00:00:00+05:30,335.8,337.9,330.0,332.15,7599447,350.6,333.07,15.458879878737019,338.385,325.3775,306.597,Buy
344,2023-11-23T00:00:00+05:30,332.5,336.05,330.0,334.45,6186567,350.6,333.07,14.823744066795381,339.475,326.8375,307.707,Buy
345,2023-11-24T00:00:00+05:30,335.35,337.45,332.1,332.8,7054445,350.6,333.07,14.558090534131054,340.415,327.78000000000003,308.948,Buy
346,2023-11-28T00:00:00+05:30,334.8,342.5,333.3,341.95,10791886,350.6,333.07,14.536777316062798,341.43,329.15,310.194,Buy
347,2023-11-29T00:00:00+05:30,343.0,345.0,338.1,342.35,14149513,350.6,333.07,14.37796102226773,340.73,330.555,311.49,Buy
348,2023-11-30T00:00:00+05:30,345.0,345.0,338.05,342.15,11959336,350.6,333.07,13.431643705501335,339.885,332.33000000000004,312.747,Buy
349,2023-12-01T00:00:00+05:30,343.8,351.1,342.45,346.65,15105221,350.6,333.07,12.586713964375559,339.96999999999997,334.21999999999997,314.055,Buy
350,2023-12-04T00:00:00+05:30,351.1,360.0,350.65,354.7,22705896,354.7,336.965,12.235882305311177,340.915,336.35499999999996,315.46299999999997,Buy
351,2023-12-05T00:00:00+05:30,355.7,356.45,350.0,355.55,15782945,355.55,337.7725,12.019237868821858,341.695,338.30499999999995,316.965,Buy
352,2023-12-06T00:00:00+05:30,355.8,362.5,349.45,352.15,14817158,355.55,337.7725,10.968855431339987,343.48999999999995,340.2,318.341,Buy
353,2023-12-07T00:00:00+05:30,353.8,353.8,348.4,351.95,8507659,355.55,337.7725,9.852964755525939,345.47,341.9275,319.619,Buy
354,2023-12-08T00:00:00+05:30,352.0,358.4,346.9,351.0,13444251,355.55,337.7725,9.036301059728878,347.125,343.3,320.904,Buy
355,2023-12-11T00:00:00+05:30,351.0,358.6,351.0,353.65,11420609,355.55,337.7725,8.002629091015825,349.21,344.8125,322.146,Buy
356,2023-12-12T00:00:00+05:30,354.15,354.6,345.15,347.5,8789103,355.55,337.7725,7.406868700558967,349.765,345.59749999999997,323.29200000000003,Buy
357,2023-12-13T00:00:00+05:30,349.4,349.8,343.7,345.2,8091533,355.55,337.7725,7.35415385665272,350.05,345.39,324.292,Buy
358,2023-12-14T00:00:00+05:30,349.2,351.2,345.8,347.6,13142466,355.55,337.7725,7.272435341027471,350.59499999999997,345.24,325.406,Buy
359,2023-12-15T00:00:00+05:30,350.0,354.35,348.45,350.0,14331890,355.55,337.7725,7.349686710111783,350.93,345.45,326.647,Buy
360,2023-12-18T00:00:00+05:30,351.0,351.25,342.3,347.65,7959685,355.55,337.7725,7.36582435447685,350.225,345.57,327.81300000000005,Buy
361,2023-12-19T00:00:00+05:30,346.5,369.75,346.5,366.95,28937243,366.95,348.60249999999996,8.78027694083999,351.36499999999995,346.53000000000003,329.39599999999996,Buy
362,2023-12-20T00:00:00+05:30,369.0,371.8,350.0,352.15,23224408,366.95,348.60249999999996,8.360991426351942,351.365,347.4275,330.68300000000005,Buy
363,2023-12-21T00:00:00+05:30,351.1,356.8,346.1,355.5,10028664,366.95,348.60249999999996,7.721192640351977,351.71999999999997,348.59499999999997,331.728,Buy
364,2023-12-22T00:00:00+05:30,359.0,367.4,356.4,363.25,13916380,366.95,348.60249999999996,7.6293598407008885,352.945,350.03499999999997,332.95599999999996,Buy
365,2023-12-26T00:00:00+05:30,363.8,371.8,362.5,366.05,11910267,366.95,348.60249999999996,7.291279488464269,354.18500000000006,351.6975,334.133,Buy
366,2023-12-27T00:00:00+05:30,367.0,369.2,362.4,365.6,7890042,366.95,348.60249999999996,7.540738481213749,355.995,352.88,335.286,Buy
367,2023-12-28T00:00:00+05:30,366.8,382.5,365.8,380.95,28310022,380.95,361.9025,9.411465571869194,359.57,354.81000000000006,336.665,Buy
368,2023-12-29T00:00:00+05:30,381.5,381.7,374.25,376.0,8859317,380.95,361.9025,10.037790108540369,362.40999999999997,356.5025,337.83700000000005,Buy
369,2024-01-01T00:00:00+05:30,377.8,386.8,377.45,381.8,11124690,381.8,362.71,11.228495235921468,365.59000000000003,358.26,339.134,Buy
370,2024-01-02T00:00:00+05:30,387.4,395.85,384.25,392.65,28363847,392.65,373.0175,13.559792295799248,370.09,360.1575,340.691,Buy
371,2024-01-03T00:00:00+05:30,394.8,394.8,383.85,384.55,12903439,392.65,373.0175,14.555169772462872,371.85,361.6075,342.134,Buy
372,2024-01-04T00:00:00+05:30,387.8,389.8,383.9,384.75,11039940,392.65,373.0175,15.249157655768412,375.11,363.2375,343.70700000000005,Buy
373,2024-01-05T00:00:00+05:30,386.8,388.5,382.5,384.25,8369460,392.65,373.0175,15.694706407272507,377.985,364.8525,345.18600000000004,Buy
374,2024-01-08T00:00:00+05:30,386.45,388.65,379.25,380.4,9424716,392.65,373.0175,15.705794061594524,379.7,366.3225,346.689,Buy
375,2024-01-09T00:00:00+05:30,383.65,387.95,382.1,385.35,9473743,392.65,373.0175,15.957140581140184,381.63,367.9075,348.117,Buy
376,2024-01-10T00:00:00+05:30,385.85,385.85,375.85,382.05,9670366,392.65,373.0175,15.495050992594813,383.275,369.635,349.46700000000004,Buy
377,2024-01-11T00:00:00+05:30,385.5,388.9,383.3,384.35,9163771,392.65,373.0175,14.698122642381318,383.615,371.59250000000003,350.869,Buy
378,2024-01-12T00:00:00+05:30,385.8,385.8,379.55,381.1,7471050,392.65,373.0175,13.694603960375613,384.125,373.26750000000004,352.358,Buy
379,2024-01-15T00:00:00+05:30,382.5,387.9,381.4,384.65,7490747,392.65,373.0175,12.75571079535334,384.40999999999997,375.0,353.874,Buy
380,2024-01-16T00:00:00+05:30,385.4,386.95,377.05,381.9,10165133,392.65,373.0175,11.079590945800891,383.335,376.7125,355.27200000000005,Buy
381,2024-01-17T00:00:00+05:30,381.8,385.35,377.2,379.65,10996538,392.65,373.0175,10.852230852393514,382.84499999999997,377.34749999999997,356.53399999999993,Buy
382,2024-01-18T00:00:00+05:30,380.8,382.55,368.0,375.65,12493835,392.65,373.0175,9.113328512618489,381.935,378.5225,357.76199999999994,Buy
383,2024-01-19T00:00:00+05:30,380.65,384.9,379.1,383.25,15893456,392.65,373.0175,7.369256907475763,381.835,379.90999999999997,359.079,Buy
384,2024-01-20T00:00:00+05:30,386.5,401.5,384.45,398.8,26121433,398.8,378.86,7.426479561957282,383.675,381.6875,360.584,Buy
385,2024-01-23T00:00:00+05:30,403.5,404.8,373.65,375.3,16406737,398.8,378.86,6.648664290070908,382.66999999999996,382.15,361.62199999999996,Buy
386,2024-01-24T00:00:00+05:30,379.8,387.8,374.25,382.6,22938994,398.8,378.86,5.388779766178987,382.725,383.0,362.63800000000003,Buy
387,2024-01-25T00:00:00+05:30,386.8,391.7,385.35,389.4,13440949,398.8,378.86,5.54848189289183,383.23,383.4225,363.43899999999996,Buy
388,2024-01-29T00:00:00+05:30,392.9,414.7,391.5,412.8,27149058,412.8,392.15999999999997,8.351360982685229,386.4,385.2625,364.68300000000005,Buy
389,2024-01-30T00:00:00+05:30,415.75,415.8,401.6,402.55,14159072,412.8,392.15999999999997,9.14934567691859,388.19,386.3,365.81800000000004,Buy
390,2024-01-31T00:00:00+05:30,405.05,409.15,400.4,406.15,23750822,412.8,392.15999999999997,10.091913125184705,390.61499999999995,386.975,367.036,Buy
391,2024-02-01T00:00:00+05:30,408.8,411.9,402.5,406.7,8862155,412.8,392.15999999999997,10.98743630602276,393.32000000000005,388.0825,368.215,Buy
392,2024-02-02T00:00:00+05:30,410.8,422.9,409.65,419.8,25177075,419.8,398.81,13.032793657780198,397.735,389.835,369.92699999999996,Buy
393,2024-02-05T00:00:00+05:30,423.25,450.0,417.1,440.25,31418925,440.25,418.23749999999995,17.138599862973585,403.43500000000006,392.635,372.08899999999994,Buy
394,2024-02-06T00:00:00+05:30,444.8,451.0,437.25,448.65,13386526,448.65,426.2175,20.946023834457105,408.41999999999996,396.0475,374.37300000000005,Buy
395,2024-02-07T00:00:00+05:30,454.0,460.55,447.8,453.4,11866445,453.4,430.72999999999996,24.364896016496736,416.2299999999999,399.45,376.785,Buy
396,2024-02-08T00:00:00+05:30,454.8,468.6,450.0,459.2,18790158,459.2,436.23999999999995,27.385177872440885,423.89,403.3075,379.13,Buy
397,2024-02-09T00:00:00+05:30,462.2,463.8,435.65,456.2,17472069,459.2,436.23999999999995,29.40562065857059,430.57,406.9,381.407,Buy
398,2024-02-12T00:00:00+05:30,457.0,457.45,430.05,432.8,19472346,459.2,436.23999999999995,29.29042011522336,432.57,409.485,383.22,Buy
399,2024-02-13T00:00:00+05:30,443.8,457.85,434.0,452.35,35665854,459.2,436.23999999999995,30.16804862590061,437.55,412.87,385.334,Buy
400,2024-02-14T00:00:00+05:30,451.65,468.0,443.0,466.35,18592696,466.35,443.0325,31.486414259084913,443.57,417.09250000000003,387.56699999999995,Buy
401,2024-02-15T00:00:00+05:30,469.0,481.25,467.55,476.85,18501875,476.85,453.0075,32.87385569351222,450.58500000000004,421.9525,389.99300000000005,Buy
402,2024-02-16T00:00:00+05:30,482.4,487.6,477.5,480.0,14513583,480.0,456.0,33.414669013221285,456.605,427.16999999999996,392.55,Buy
403,2024-02-19T00:00:00+05:30,482.8,487.45,455.45,461.0,19798448,480.0,456.0,32.547545282975534,458.68,431.0575,394.73100000000005,Buy
404,2024-02-20T00:00:00+05:30,457.95,457.95,441.0,446.5,27899165,480.0,456.0,31.79843704782023,458.46500000000003,433.4425,396.6410000000001,Buy
405,2024-02-21T00:00:00+05:30,450.95,450.95,431.0,432.95,19032050,480.0,456.0,28.713821630558968,456.41999999999996,436.325,398.227,Buy
406,2024-02-22T00:00:00+05:30,438.0,448.0,427.95,445.15,22083710,480.0,456.0,25.81418151143363,455.015,439.4525,400.18,Buy
407,2024-02-23T00:00:00+05:30,448.0,449.6,441.65,443.9,9625544,480.0,456.0,22.97261799690142,453.785,442.17749999999995,402.15399999999994,Buy
408,2024-02-26T00:00:00+05:30,443.9,447.25,440.55,442.3,7570244,480.0,456.0,21.90955976761074,454.73499999999996,443.65250000000003,404.048,Buy
409,2024-02-27T00:00:00+05:30,442.3,445.3,435.05,441.4,8343526,480.0,456.0,19.682666031441094,453.64,445.59499999999997,405.876,Buy
410,2024-02-28T00:00:00+05:30,440.3,442.85,430.35,434.2,8893614,480.0,456.0,17.614792490224428,450.425,446.99749999999995,407.60699999999997,Buy
411,2024-02-29T00:00:00+05:30,444.0,444.0,429.65,436.7,11711699,480.0,456.0,15.100518246595811,446.41,448.49750000000006,409.00199999999995,Buy
412,2024-03-01T00:00:00+05:30,438.0,448.8,438.0,446.35,8411615,480.0,456.0,13.530292524164363,443.04499999999996,449.825,410.88599999999997,Buy
413,2024-03-02T00:00:00+05:30,447.2,450.0,446.45,448.5,1085461,480.0,456.0,13.347539444051511,441.79499999999996,450.2375,412.746,Buy
414,2024-03-04T00:00:00+05:30,451.85,458.0,448.05,455.4,11977226,480.0,456.0,13.390555391177594,442.68500000000006,450.575,414.589,Buy
415,2024-03-05T00:00:00+05:30,456.0,461.75,453.55,460.65,9605493,480.0,456.0,13.568014583454246,445.45500000000004,450.9375,416.481,Buy
416,2024-03-06T00:00:00+05:30,462.45,464.95,444.55,461.6,14061966,480.0,456.0,13.655269611321478,447.1,451.0575,418.401,Buy
417,2024-03-07T00:00:00+05:30,461.6,465.4,456.05,458.6,9680802,480.0,456.0,13.713261685413022,448.57,451.17750000000007,419.95399999999995,Buy
418,2024-03-11T00:00:00+05:30,461.0,462.85,452.4,453.9,7824738,480.0,456.0,13.01908796021347,449.73,452.23249999999996,421.51199999999994,Buy
419,2024-03-12T00:00:00+05:30,453.9,455.8,446.7,449.3,8409613,480.0,456.0,13.035492036419827,450.52,452.0799999999999,422.86199999999997,Buy
420,2024-03-13T00:00:00+05:30,449.3,449.9,410.0,417.05,17803423,480.0,456.0,14.744312908978811,448.805,449.61500000000007,423.35,Buy
421,2024-03-14T00:00:00+05:30,419.0,428.85,412.2,427.7,20478918,480.0,456.0,14.045483212912034,447.90500000000003,447.15749999999997,424.21299999999997,Buy
422,2024-03-15T00:00:00+05:30,427.7,428.05,401.2,415.25,25435001,480.0,456.0,13.529824754767457,444.79499999999996,443.91999999999996,424.823,Buy
423,2024-03-18T00:00:00+05:30,416.0,423.5,413.55,421.85,9803914,480.0,456.0,13.758804597324167,442.13,441.9625,425.575,Buy
424,2024-03-19T00:00:00+05:30,417.0,424.6,414.0,419.05,8373676,480.0,456.0,14.624255266687683,438.495,440.59000000000003,426.348,Buy
425,2024-03-20T00:00:00+05:30,419.8,422.8,412.7,419.5,6950340,480.0,456.0,15.288250347380805,434.38,439.9175,427.031,Buy
426,2024-03-21T00:00:00+05:30,424.0,433.55,423.15,432.05,9911230,480.0,456.0,15.33283263389142,431.425,439.2625,428.031,Buy
427,2024-03-22T00:00:00+05:30,430.9,436.2,428.3,431.95,9172888,480.0,456.0,15.375382750904771,428.76000000000005,438.6650000000001,428.983,Sell
428,2024-03-26T00:00:00+05:30,433.8,440.95,430.9,435.95,9389403,480.0,456.0,15.361927262244928,426.965,438.34749999999997,430.08,Sell
429,2024-03-27T00:00:00+05:30,439.8,439.8,426.05,429.45,17985246,480.0,456.0,15.468975742637033,424.98,437.75,430.976,Sell
430,2024-03-28T00:00:00+05:30,430.0,438.45,430.0,434.1,10332853,480.0,456.0,15.470199706123562,426.68500000000006,437.74500000000006,432.02,Sell
431,2024-04-01T00:00:00+05:30,436.7,443.8,434.8,442.05,7256592,480.0,456.0,15.497409588293964,428.12,438.0125,433.26800000000003,Sell
432,2024-04-02T00:00:00+05:30,442.05,448.3,436.05,443.2,11530800,480.0,456.0,15.424049062216492,430.91499999999996,437.855,434.619,Sell
433,2024-04-03T00:00:00+05:30,443.2,447.0,440.9,445.5,6972648,480.0,456.0,15.329374107454385,433.28000000000003,437.70500000000004,435.86400000000003,Sell
434,2024-04-04T00:00:00+05:30,450.0,453.5,442.55,448.85,14743020,480.0,456.0,14.997819797696845,436.25999999999993,437.37749999999994,436.865,Sell
435,2024-04-05T00:00:00+05:30,448.75,448.85,444.0,446.95,4820138,480.0,456.0,14.168899179094502,439.005,436.6925,438.298,Buy
436,2024-04-08T00:00:00+05:30,449.0,450.45,444.55,447.4,3980972,480.0,456.0,13.17609752743988,440.53999999999996,435.98249999999996,439.59399999999994,Buy
437,2024-04-09T00:00:00+05:30,448.7,450.3,437.25,439.85,8005012,480.0,456.0,12.105695701653314,441.33000000000004,435.04499999999996,440.603,Buy
438,2024-04-10T00:00:00+05:30,442.55,458.6,442.1,456.35,15825331,480.0,456.0,12.317085640856185,443.37,435.1675,441.47399999999993,Buy
439,2024-04-12T00:00:00+05:30,455.0,463.45,452.55,455.6,11259294,480.0,456.0,12.769775942887737,445.985,435.4825000000001,442.535,Buy
440,2024-04-15T00:00:00+05:30,448.95,455.8,441.1,451.0,7680715,480.0,456.0,12.442884248478311,447.675,437.18,443.432,Buy
441,2024-04-16T00:00:00+05:30,449.0,456.4,446.35,450.6,3083749,480.0,456.0,12.577522766719465,448.53000000000003,438.325,444.31,Buy
442,2024-04-18T00:00:00+05:30,454.95,456.8,435.15,438.6,10945138,480.0,456.0,11.346333455998721,448.07,439.4925,444.68600000000004,Buy
443,2024-04-19T00:00:00+05:30,436.0,438.6,428.05,434.2,3701232,480.0,456.0,10.650359519505265,446.93999999999994,440.11,444.565,Buy
444,2024-04-22T00:00:00+05:30,440.9,444.5,438.0,442.95,6396926,480.0,456.0,9.434412095034219,446.35,441.30499999999995,444.45099999999996,Buy
445,2024-04-23T00:00:00+05:30,445.75,445.75,439.25,440.95,5390120,480.0,456.0,7.923374397444986,445.75,442.37749999999994,444.20200000000006,Buy
446,2024-04-24T00:00:00+05:30,441.55,448.7,441.15,443.85,6538090,480.0,456.0,7.544138104304829,445.395,442.96750000000003,443.895,Buy
447,2024-04-25T00:00:00+05:30,443.0,454.0,441.75,452.45,10858594,480.0,456.0,7.358798439532577,446.65500000000003,443.99249999999995,443.82,Buy
448,2024-04-26T00:00:00+05:30,454.0,460.45,452.2,455.8,7209435,480.0,456.0,7.553042259143323,446.6,444.985,444.28,Buy
449,2024-04-29T00:00:00+05:30,458.7,458.7,450.55,453.25,5305655,480.0,456.0,6.815510561250069,446.36499999999995,446.175,444.29799999999994,Buy
450,2024-04-30T00:00:00+05:30,456.4,458.4,452.05,454.3,6021793,480.0,456.0,6.417002497476333,446.695,447.18499999999995,444.057,Buy
451,2024-05-02T00:00:00+05:30,457.55,459.55,449.4,453.9,14980896,480.0,456.0,6.464813161299621,447.025,447.7775,443.59799999999996,Buy
452,2024-05-03T00:00:00+05:30,457.9,475.8,449.4,474.6,51071947,480.0,456.0,8.715616277994991,450.625,449.34749999999997,443.49,Buy
453,2024-05-06T00:00:00+05:30,479.0,481.45,444.05,460.6,36408390,480.0,456.0,9.0137099523588,453.265,450.10249999999996,443.48199999999997,Buy
454,2024-05-07T00:00:00+05:30,463.0,469.5,452.85,456.0,13728379,480.0,456.0,9.1027699659291,454.57,450.46000000000004,443.67199999999997,Buy
455,2024-05-08T00:00:00+05:30,456.7,471.4,455.1,464.45,16978094,480.0,456.0,9.576384055526258,456.91999999999996,451.33500000000004,444.302,Buy
456,2024-05-09T00:00:00+05:30,465.35,467.7,441.35,443.5,15601338,480.0,456.0,9.69964188161444,456.88499999999993,451.14000000000004,444.269,Buy
457,2024-05-10T00:00:00+05:30,447.2,451.15,440.25,449.4,9190621,480.0,456.0,9.343112788516354,456.58000000000004,451.6175,444.379,Buy
458,2024-05-13T00:00:00+05:30,451.25,451.8,434.7,444.0,11107909,480.0,456.0,9.421657581282455,455.4,451.0,444.41299999999995,Buy
459,2024-05-14T00:00:00+05:30,446.7,450.65,445.1,448.7,6592194,480.0,456.0,9.37054315113899,454.945,450.6549999999999,444.559,Buy
460,2024-05-15T00:00:00+05:30,450.0,464.6,449.5,463.8,12788318,480.0,456.0,9.821604810448326,455.895,451.29499999999996,445.151,Buy
