Date,Open,High,Low,Close,Volume
2022-07-05T00:00:00+05:30,3761.0,3874.75,3761.0,3817.4,468762
2022-07-06T00:00:00+05:30,3809.1,3889.55,3783.5,3883.5,390568
2022-07-07T00:00:00+05:30,3894.05,3930.0,3868.25,3915.25,398354
2022-07-08T00:00:00+05:30,3918.0,3946.0,3910.0,3936.15,268377
2022-07-11T00:00:00+05:30,3935.0,3968.15,3895.05,3933.25,199806
2022-07-12T00:00:00+05:30,3900.0,4098.7,3900.0,3929.7,1125104
2022-07-13T00:00:00+05:30,3951.15,3958.95,3861.2,3868.3,385514
2022-07-14T00:00:00+05:30,3927.0,3979.3,3880.05,3898.05,656393
2022-07-15T00:00:00+05:30,3898.05,3944.0,3875.0,3931.7,318645
2022-07-18T00:00:00+05:30,3940.1,3970.8,3890.15,3947.1,291155
2022-07-19T00:00:00+05:30,3944.4,4032.95,3923.4,4020.2,412946
2022-07-20T00:00:00+05:30,4090.0,4141.7,4030.05,4110.25,753440
2022-07-21T00:00:00+05:30,4112.0,4169.85,4096.35,4150.05,542974
2022-07-22T00:00:00+05:30,4150.2,4169.6,4089.95,4125.3,378496
2022-07-25T00:00:00+05:30,4144.0,4252.9,4138.05,4189.9,1127473
2022-07-26T00:00:00+05:30,4185.0,4188.95,4088.0,4110.2,363633
2022-07-27T00:00:00+05:30,4112.0,4136.95,4022.0,4125.6,440119
2022-07-28T00:00:00+05:30,4149.0,4206.0,4135.0,4190.5,364711
2022-07-29T00:00:00+05:30,4206.0,4252.8,4187.0,4212.3,333268
2022-08-01T00:00:00+05:30,4240.0,4293.75,4190.0,4288.1,311323
2022-08-02T00:00:00+05:30,4311.0,4348.25,4270.95,4325.9,440868
2022-08-03T00:00:00+05:30,4325.95,4386.75,4280.1,4310.05,367939
2022-08-04T00:00:00+05:30,4322.95,4409.0,4310.0,4395.8,358471
2022-08-05T00:00:00+05:30,4395.8,4422.0,4335.0,4374.1,207505
2022-08-08T00:00:00+05:30,4388.95,4474.55,4380.05,4427.35,445705
2022-08-10T00:00:00+05:30,4438.9,4625.95,4397.1,4517.15,866957
2022-08-11T00:00:00+05:30,4539.6,4552.5,4418.0,4429.65,446481
2022-08-12T00:00:00+05:30,4350.05,4394.8,4276.1,4312.75,1412624
2022-08-16T00:00:00+05:30,4350.0,4381.55,4206.9,4349.4,596341
2022-08-17T00:00:00+05:30,4349.0,4370.05,4285.85,4305.75,502389
2022-08-18T00:00:00+05:30,4315.0,4338.6,4250.0,4266.65,580504
2022-08-19T00:00:00+05:30,4291.0,4309.45,4120.0,4135.35,718470
2022-08-22T00:00:00+05:30,4133.0,4133.0,3995.6,4024.9,723363
2022-08-23T00:00:00+05:30,4024.8,4093.45,3987.85,4070.95,497236
2022-08-24T00:00:00+05:30,4079.0,4220.0,4077.95,4210.75,955968
2022-08-25T00:00:00+05:30,4215.0,4239.85,4156.7,4168.8,414585
2022-08-26T00:00:00+05:30,4207.0,4235.75,4156.2,4215.25,342328
2022-08-29T00:00:00+05:30,4100.0,4272.0,4086.0,4251.5,914080
2022-08-30T00:00:00+05:30,4251.5,4337.5,4233.2,4322.9,848185
2022-09-01T00:00:00+05:30,4298.0,4328.95,4244.0,4277.15,390066
2022-09-02T00:00:00+05:30,4309.8,4398.0,4284.0,4312.35,735116
2022-09-05T00:00:00+05:30,4282.0,4308.6,4233.0,4282.55,522750
2022-09-06T00:00:00+05:30,4298.9,4422.0,4291.75,4415.5,1078703
2022-09-07T00:00:00+05:30,4379.2,4410.0,4335.0,4376.5,396341
2022-09-08T00:00:00+05:30,4400.0,4444.9,4361.0,4414.8,562752
2022-09-09T00:00:00+05:30,4436.9,4474.9,4415.0,4460.35,476210
2022-09-12T00:00:00+05:30,4473.0,4501.8,4447.05,4481.6,331200
2022-09-13T00:00:00+05:30,4520.0,4520.0,4466.3,4490.1,309270
2022-09-14T00:00:00+05:30,4405.35,4480.0,4405.35,4427.6,362667
2022-09-15T00:00:00+05:30,4449.75,4459.15,4328.05,4341.85,427739
2022-09-16T00:00:00+05:30,4342.0,4363.3,4257.0,4279.75,458526
2022-09-19T00:00:00+05:30,4295.9,4331.0,4226.7,4308.2,266138
2022-09-20T00:00:00+05:30,4316.5,4595.0,4316.5,4559.35,1173703
2022-09-21T00:00:00+05:30,4556.0,4668.5,4556.0,4604.8,1177969
2022-09-22T00:00:00+05:30,4569.55,4631.2,4522.2,4608.9,511748
2022-09-23T00:00:00+05:30,4610.0,4719.0,4382.85,4418.45,1205477
2022-09-26T00:00:00+05:30,4418.45,4420.45,4191.1,4282.7,843888
2022-09-27T00:00:00+05:30,4335.0,4354.1,4205.0,4242.95,651275
2022-09-28T00:00:00+05:30,4229.0,4295.0,4183.1,4268.95,395837
2022-09-29T00:00:00+05:30,4297.45,4404.65,4284.95,4391.7,631901
2022-09-30T00:00:00+05:30,4352.2,4484.9,4352.2,4383.4,761059
2022-10-03T00:00:00+05:30,4385.0,4490.0,4350.95,4365.2,454167
2022-10-04T00:00:00+05:30,4430.0,4444.55,4365.2,4404.4,307007
2022-10-06T00:00:00+05:30,4426.45,4450.0,4361.3,4390.5,272018
2022-10-07T00:00:00+05:30,4379.6,4433.0,4353.55,4394.1,501530
2022-10-10T00:00:00+05:30,4375.0,4420.0,4295.0,4340.6,207854
2022-10-11T00:00:00+05:30,4362.35,4362.35,4263.65,4275.55,258179
2022-10-12T00:00:00+05:30,4280.0,4350.0,4245.0,4287.05,621343
2022-10-13T00:00:00+05:30,4270.1,4317.95,4236.0,4266.05,277038
2022-10-14T00:00:00+05:30,4301.0,4324.0,4264.05,4297.15,254366
2022-10-17T00:00:00+05:30,4290.0,4300.55,4221.05,4290.85,254729
2022-10-18T00:00:00+05:30,4325.0,4377.0,4258.0,4366.0,387468
2022-10-19T00:00:00+05:30,4380.0,4405.9,4341.1,4388.75,249671
2022-10-20T00:00:00+05:30,4384.0,4393.3,4295.2,4322.5,370649
2022-10-21T00:00:00+05:30,4344.15,4430.0,4322.7,4389.05,364599
2022-10-24T00:00:00+05:30,4410.2,4435.0,4320.0,4410.15,30911
2022-10-25T00:00:00+05:30,4437.8,4449.9,4372.0,4404.05,474364
2022-10-27T00:00:00+05:30,4445.0,4499.0,4402.85,4431.85,421237
2022-10-28T00:00:00+05:30,4454.25,4584.0,4415.0,4567.0,691758
2022-10-31T00:00:00+05:30,4582.1,4625.0,4491.5,4517.5,433462
2022-11-01T00:00:00+05:30,4577.0,4647.0,4470.0,4511.35,866653
2022-11-02T00:00:00+05:30,4512.0,4532.8,4370.0,4383.1,643103
2022-11-03T00:00:00+05:30,4370.0,4425.0,4349.35,4395.0,457167
2022-11-04T00:00:00+05:30,4410.0,4410.0,4340.05,4362.6,669679
2022-11-07T00:00:00+05:30,4384.45,4420.0,4336.45,4370.15,356164
2022-11-09T00:00:00+05:30,4347.0,4435.0,4344.0,4361.2,378027
2022-11-10T00:00:00+05:30,4374.5,4377.45,4250.0,4285.45,527712
2022-11-11T00:00:00+05:30,4386.0,4540.0,4330.05,4421.4,1685302
2022-11-14T00:00:00+05:30,4430.0,4568.0,4425.2,4556.7,886552
2022-11-15T00:00:00+05:30,4560.0,4629.0,4527.0,4611.95,492763
2022-11-16T00:00:00+05:30,4605.0,4610.0,4461.0,4479.25,499581
2022-11-17T00:00:00+05:30,4490.0,4515.95,4370.7,4400.3,430517
2022-11-18T00:00:00+05:30,4430.0,4449.0,4320.0,4399.15,385705
2022-11-21T00:00:00+05:30,4403.95,4440.0,4341.0,4418.85,336664
2022-11-22T00:00:00+05:30,4420.95,4480.0,4380.0,4469.8,310657
2022-11-23T00:00:00+05:30,4482.3,4616.15,4448.0,4605.2,799177
2022-11-24T00:00:00+05:30,4630.0,4833.0,4614.0,4815.05,1822572
2022-11-25T00:00:00+05:30,4815.0,4885.0,4751.05,4789.45,1069666
2022-11-28T00:00:00+05:30,4761.0,4768.85,4683.25,4721.85,598162
2022-11-29T00:00:00+05:30,4725.0,4842.0,4707.65,4719.2,910554
2022-11-30T00:00:00+05:30,4719.2,4760.1,4642.6,4726.4,1113421
2022-12-01T00:00:00+05:30,4765.0,4794.0,4701.05,4775.7,611399
2022-12-02T00:00:00+05:30,4771.0,4882.95,4743.05,4871.45,996299
2022-12-05T00:00:00+05:30,4885.0,4901.95,4766.95,4778.35,684801
2022-12-06T00:00:00+05:30,4770.35,4800.0,4715.0,4788.05,354855
2022-12-07T00:00:00+05:30,4804.7,4815.0,4710.9,4727.4,354913
2022-12-08T00:00:00+05:30,4738.0,4777.85,4681.4,4704.5,336378
2022-12-09T00:00:00+05:30,4728.0,4735.95,4675.25,4685.1,271784
2022-12-12T00:00:00+05:30,4677.0,4756.0,4630.0,4742.3,445258
2022-12-13T00:00:00+05:30,4746.0,4761.35,4661.3,4678.85,363806
2022-12-14T00:00:00+05:30,4712.0,4712.0,4656.6,4666.15,356293
2022-12-15T00:00:00+05:30,4679.95,4686.6,4627.65,4642.9,316605
2022-12-16T00:00:00+05:30,4638.0,4638.0,4551.7,4565.15,342826
2022-12-19T00:00:00+05:30,4600.0,4620.0,4521.05,4610.45,308453
2022-12-20T00:00:00+05:30,4610.35,4616.45,4540.25,4596.65,282355
2022-12-21T00:00:00+05:30,4610.8,4788.45,4602.2,4766.2,877345
2022-12-22T00:00:00+05:30,4795.0,4848.8,4725.0,4781.7,902304
2022-12-23T00:00:00+05:30,4765.7,4805.0,4686.35,4700.15,473487
2022-12-26T00:00:00+05:30,4723.7,4740.0,4652.5,4684.05,247341
2022-12-27T00:00:00+05:30,4685.0,4712.7,4625.65,4643.8,226475
2022-12-28T00:00:00+05:30,4652.0,4679.6,4582.0,4588.65,313366
2022-12-29T00:00:00+05:30,4588.65,4610.0,4478.5,4524.45,530411
2022-12-30T00:00:00+05:30,4550.0,4582.45,4468.1,4477.6,348965
2023-01-02T00:00:00+05:30,4488.0,4516.7,4446.0,4454.35,246577
2023-01-03T00:00:00+05:30,4467.0,4508.95,4425.1,4490.9,430096
2023-01-04T00:00:00+05:30,4495.0,4514.1,4425.0,4433.3,414977
2023-01-05T00:00:00+05:30,4455.5,4455.5,4356.0,4429.05,468816
2023-01-06T00:00:00+05:30,4442.05,4474.3,4369.0,4387.45,299640
2023-01-09T00:00:00+05:30,4424.35,4452.15,4381.05,4407.7,407803
2023-01-10T00:00:00+05:30,4410.0,4489.0,4406.0,4466.65,557940
2023-01-11T00:00:00+05:30,4474.0,4482.45,4336.05,4360.6,462687
2023-01-12T00:00:00+05:30,4370.95,4382.4,4325.25,4359.75,207917
2023-01-13T00:00:00+05:30,4365.0,4370.0,4268.05,4335.55,366497
2023-01-16T00:00:00+05:30,4364.25,4364.25,4285.0,4294.65,210854
2023-01-17T00:00:00+05:30,4316.2,4336.45,4275.0,4322.85,294500
2023-01-18T00:00:00+05:30,4337.0,4352.0,4305.0,4339.8,331806
2023-01-19T00:00:00+05:30,4339.8,4339.8,4285.65,4318.15,162244
2023-01-20T00:00:00+05:30,4302.0,4322.45,4264.2,4285.25,242706
2023-01-23T00:00:00+05:30,4294.4,4353.5,4286.9,4335.45,161350
2023-01-24T00:00:00+05:30,4349.95,4349.95,4290.8,4305.0,178860
2023-01-25T00:00:00+05:30,4314.95,4318.0,4194.0,4224.35,423714
2023-01-27T00:00:00+05:30,4228.0,4285.35,4192.1,4244.15,421866
2023-01-30T00:00:00+05:30,4236.5,4260.0,4123.0,4237.7,623069
2023-01-31T00:00:00+05:30,4239.5,4303.75,4127.05,4255.9,671038
2023-02-01T00:00:00+05:30,4275.0,4352.0,4211.5,4262.65,321331
2023-02-02T00:00:00+05:30,4262.0,4262.0,4170.0,4231.5,479256
2023-02-03T00:00:00+05:30,4245.0,4259.8,4158.0,4251.6,413966
2023-02-06T00:00:00+05:30,4236.8,4332.0,4189.65,4320.7,257658
2023-02-07T00:00:00+05:30,4318.85,4360.0,4271.35,4301.4,319090
2023-02-08T00:00:00+05:30,4320.0,4404.3,4302.55,4391.25,250175
2023-02-09T00:00:00+05:30,4347.35,4404.45,4325.0,4389.3,284239
2023-02-10T00:00:00+05:30,4385.4,4425.3,4350.25,4416.25,359807
2023-02-13T00:00:00+05:30,4435.95,4439.6,4328.0,4335.9,272935
2023-02-14T00:00:00+05:30,4380.45,4380.45,4251.05,4268.85,339582
2023-02-15T00:00:00+05:30,4170.0,4514.0,4170.0,4487.9,2724361
2023-02-16T00:00:00+05:30,4509.95,4668.0,4500.15,4643.15,1419679
2023-02-17T00:00:00+05:30,4640.15,4668.95,4576.0,4614.7,408098
2023-02-20T00:00:00+05:30,4593.0,4649.95,4575.35,4610.6,232327
2023-02-21T00:00:00+05:30,4611.0,4640.0,4491.0,4502.05,490637
2023-02-22T00:00:00+05:30,4505.0,4535.95,4440.0,4449.1,333978
2023-02-23T00:00:00+05:30,4471.35,4518.3,4401.0,4448.05,443522
2023-02-24T00:00:00+05:30,4455.05,4486.0,4396.9,4486.0,358946
2023-02-27T00:00:00+05:30,4485.0,4494.75,4415.05,4439.75,215703
2023-02-28T00:00:00+05:30,4449.0,4473.4,4361.3,4401.65,312308
2023-03-01T00:00:00+05:30,4401.65,4446.0,4337.25,4413.8,287008
2023-03-02T00:00:00+05:30,4429.0,4450.2,4381.35,4402.2,313250
2023-03-03T00:00:00+05:30,4416.75,4445.0,4393.9,4408.3,168815
2023-03-06T00:00:00+05:30,4416.0,4488.9,4412.05,4427.0,242624
2023-03-08T00:00:00+05:30,4414.9,4441.2,4360.0,4376.05,246727
2023-03-09T00:00:00+05:30,4399.0,4538.25,4385.15,4418.15,684685
2023-03-10T00:00:00+05:30,4399.7,4399.7,4291.65,4317.25,328119
2023-03-13T00:00:00+05:30,4327.0,4435.95,4322.0,4345.0,496439
2023-03-14T00:00:00+05:30,4345.0,4354.75,4275.0,4299.6,279235
2023-03-15T00:00:00+05:30,4334.75,4367.95,4309.3,4328.8,279479
2023-03-16T00:00:00+05:30,4330.95,4370.0,4266.0,4319.05,300181
2023-03-17T00:00:00+05:30,4340.0,4376.2,4296.7,4346.5,368653
2023-03-20T00:00:00+05:30,4322.0,4353.9,4195.0,4313.0,563835
2023-03-21T00:00:00+05:30,4320.0,4353.9,4266.0,4274.0,239294
2023-03-22T00:00:00+05:30,4275.05,4295.0,4211.1,4285.1,302705
2023-03-23T00:00:00+05:30,4276.0,4299.35,4243.55,4273.05,233054
2023-03-24T00:00:00+05:30,4277.5,4354.65,4261.0,4283.35,354928
2023-03-27T00:00:00+05:30,4304.7,4407.9,4277.0,4318.1,495895
2023-03-28T00:00:00+05:30,4334.8,4343.5,4245.05,4333.6,343627
2023-03-29T00:00:00+05:30,4333.6,4380.0,4311.1,4363.0,250752
2023-03-31T00:00:00+05:30,4384.85,4400.95,4299.95,4306.2,465556
2023-04-03T00:00:00+05:30,4343.5,4343.95,4220.15,4234.35,493568
2023-04-05T00:00:00+05:30,4250.0,4250.0,4168.0,4200.95,622519
2023-04-06T00:00:00+05:30,4217.0,4225.0,4183.15,4201.95,286725
2023-04-10T00:00:00+05:30,4215.0,4243.65,4187.3,4237.0,323541
2023-04-11T00:00:00+05:30,4263.0,4286.8,4221.15,4271.3,284178
2023-04-12T00:00:00+05:30,4287.7,4328.95,4266.5,4320.2,304498
2023-04-13T00:00:00+05:30,4329.0,4481.1,4320.3,4398.3,1257053
2023-04-17T00:00:00+05:30,4410.0,4448.4,4340.0,4384.5,334929
2023-04-18T00:00:00+05:30,4380.0,4384.1,4293.9,4338.65,409033
2023-04-19T00:00:00+05:30,4355.0,4355.0,4221.55,4320.3,517278
2023-04-20T00:00:00+05:30,4320.3,4358.85,4233.15,4348.4,484513
2023-04-21T00:00:00+05:30,4340.0,4428.0,4318.45,4361.3,485292
2023-04-24T00:00:00+05:30,4362.3,4462.2,4362.3,4399.05,571150
2023-04-25T00:00:00+05:30,4409.95,4446.25,4383.1,4416.5,252655
2023-04-26T00:00:00+05:30,4419.95,4488.7,4401.0,4410.4,438486
2023-04-27T00:00:00+05:30,4419.85,4438.5,4365.05,4417.5,400508
2023-04-28T00:00:00+05:30,4442.95,4529.0,4430.95,4513.7,713399
2023-05-02T00:00:00+05:30,4529.75,4573.3,4476.9,4490.8,384900
2023-05-03T00:00:00+05:30,4509.75,4524.45,4482.0,4515.45,287955
2023-05-04T00:00:00+05:30,4510.0,4569.9,4500.0,4553.2,391146
2023-05-05T00:00:00+05:30,4550.0,4630.0,4521.5,4602.5,332169
2023-05-08T00:00:00+05:30,4611.0,4660.0,4585.0,4625.1,274255
2023-05-09T00:00:00+05:30,4645.9,4647.9,4582.3,4593.05,207566
2023-05-10T00:00:00+05:30,4593.05,4634.0,4577.0,4601.3,293523
2023-05-11T00:00:00+05:30,4610.95,4645.0,4584.65,4595.3,409446
2023-05-12T00:00:00+05:30,4595.0,4640.0,4535.0,4605.25,427837
2023-05-15T00:00:00+05:30,4609.95,4689.0,4591.1,4625.85,401847
2023-05-16T00:00:00+05:30,4625.0,4642.25,4541.0,4555.1,310725
2023-05-17T00:00:00+05:30,4580.05,4599.6,4458.0,4482.15,266803
2023-05-18T00:00:00+05:30,4510.0,4529.9,4433.0,4442.0,167057
2023-05-19T00:00:00+05:30,4455.0,4465.0,4410.25,4447.15,177405
2023-05-22T00:00:00+05:30,4459.8,4625.0,4451.95,4605.3,361967
2023-05-23T00:00:00+05:30,4605.0,4617.05,4533.0,4550.4,433331
2023-05-24T00:00:00+05:30,4540.95,4607.0,4523.35,4536.45,225979
2023-05-25T00:00:00+05:30,4569.0,4597.95,4530.95,4568.15,202680
2023-05-26T00:00:00+05:30,4590.0,4620.0,4551.25,4609.9,289579
2023-05-29T00:00:00+05:30,4635.0,4665.0,4580.65,4640.45,332364
2023-05-30T00:00:00+05:30,4672.0,4795.0,4535.45,4599.15,1298380
2023-05-31T00:00:00+05:30,4600.0,4731.0,4525.0,4621.95,1655511
2023-06-01T00:00:00+05:30,4689.0,4847.0,4686.0,4814.25,1692479
2023-06-02T00:00:00+05:30,4839.65,5002.2,4806.0,4967.3,1326161
2023-06-05T00:00:00+05:30,4967.95,5009.2,4934.05,4950.2,698352
2023-06-06T00:00:00+05:30,4969.0,4969.45,4893.5,4940.1,382992
2023-06-07T00:00:00+05:30,4964.45,5040.0,4950.05,5026.45,552840
2023-06-08T00:00:00+05:30,5020.0,5028.55,4920.0,4926.65,411502
2023-06-09T00:00:00+05:30,4926.65,4965.85,4907.05,4926.7,249400
2023-06-12T00:00:00+05:30,4949.0,4995.0,4915.05,4924.75,343835
2023-06-13T00:00:00+05:30,4925.0,4990.0,4916.75,4951.05,308751
2023-06-14T00:00:00+05:30,4965.0,5022.55,4951.05,5009.0,360156
2023-06-15T00:00:00+05:30,5039.95,5259.8,5018.0,5218.75,1712253
2023-06-16T00:00:00+05:30,5218.75,5292.5,5163.15,5206.05,794352
2023-06-19T00:00:00+05:30,5220.0,5261.75,5135.3,5150.0,325346
2023-06-20T00:00:00+05:30,5174.95,5197.35,5102.0,5161.0,332800
2023-06-21T00:00:00+05:30,5169.85,5169.85,5086.6,5120.0,409195
2023-06-22T00:00:00+05:30,5129.9,5154.5,5055.0,5076.6,329193
2023-06-23T00:00:00+05:30,5084.4,5084.4,5001.0,5047.9,334949
2023-06-26T00:00:00+05:30,5049.95,5054.4,5000.1,5040.0,429196
2023-06-27T00:00:00+05:30,5040.0,5150.0,5036.95,5148.0,555061
2023-06-28T00:00:00+05:30,5145.0,5175.95,5116.6,5132.1,362099
2023-06-30T00:00:00+05:30,5128.0,5148.8,5064.05,5100.0,409613
2023-07-03T00:00:00+05:30,5127.5,5142.5,5060.0,5075.0,150209
2023-07-04T00:00:00+05:30,5119.9,5124.15,5052.05,5114.0,231254
2023-07-05T00:00:00+05:30,5125.0,5148.5,5050.65,5075.1,278834
2023-07-06T00:00:00+05:30,5090.0,5309.95,5073.7,5275.0,1250960
2023-07-07T00:00:00+05:30,5274.95,5274.95,5130.75,5151.5,557914
2023-07-10T00:00:00+05:30,5179.85,5203.5,5110.8,5160.0,270484
2023-07-11T00:00:00+05:30,5200.0,5270.8,5189.6,5251.8,501091
2023-07-12T00:00:00+05:30,5261.65,5288.45,5206.1,5247.95,262841
2023-07-13T00:00:00+05:30,5289.9,5289.9,5168.0,5189.95,338007
2023-07-14T00:00:00+05:30,5180.0,5190.75,5097.3,5184.75,506247
2023-07-17T00:00:00+05:30,5152.2,5318.95,5152.2,5225.0,468038
2023-07-18T00:00:00+05:30,5206.5,5322.0,5107.15,5166.0,509518
2023-07-19T00:00:00+05:30,5162.6,5223.75,5162.6,5180.3,263937
2023-07-20T00:00:00+05:30,5170.0,5210.0,5133.0,5197.0,274915
2023-07-21T00:00:00+05:30,5130.05,5253.0,5130.05,5196.45,310325
2023-07-24T00:00:00+05:30,5144.0,5225.7,5144.0,5165.0,248463
2023-07-25T00:00:00+05:30,5153.8,5220.0,5153.8,5210.0,546419
2023-07-26T00:00:00+05:30,5196.0,5216.15,5143.45,5147.0,296203
2023-07-27T00:00:00+05:30,5146.75,5234.2,5146.75,5225.0,359082
2023-07-28T00:00:00+05:30,5177.0,5364.0,5177.0,5345.65,452041
2023-07-31T00:00:00+05:30,5339.95,5339.95,5160.0,5185.0,685307
2023-08-01T00:00:00+05:30,5210.0,5210.0,5021.55,5037.0,1041705
2023-08-02T00:00:00+05:30,5033.0,5041.65,4976.0,4996.0,1013589
2023-08-03T00:00:00+05:30,4960.0,5029.45,4956.3,4995.0,409733
2023-08-04T00:00:00+05:30,5025.0,5033.0,4965.0,4979.0,357617
2023-08-07T00:00:00+05:30,4980.3,5024.9,4956.4,5017.0,606266
2023-08-08T00:00:00+05:30,5017.0,5055.0,4980.15,5022.0,517193
2023-08-09T00:00:00+05:30,5023.35,5026.0,4958.0,4979.9,267765
2023-08-10T00:00:00+05:30,4981.4,4981.4,4903.95,4927.0,369692
2023-08-11T00:00:00+05:30,4930.0,5011.95,4815.15,4895.0,1063888
2023-08-14T00:00:00+05:30,4863.0,4926.55,4730.0,4822.0,828063
2023-08-16T00:00:00+05:30,4800.0,4953.7,4754.2,4946.0,665487
2023-08-17T00:00:00+05:30,4940.5,4960.0,4872.55,4886.0,373500
2023-08-18T00:00:00+05:30,4874.95,4895.0,4825.15,4840.0,336010
2023-08-21T00:00:00+05:30,4881.0,4945.4,4840.0,4927.0,242281
2023-08-22T00:00:00+05:30,4947.9,4959.0,4906.15,4924.5,174370
2023-08-23T00:00:00+05:30,4958.0,4987.0,4917.05,4941.0,596016
2023-08-24T00:00:00+05:30,4955.0,4983.5,4900.1,4907.0,533212
2023-08-25T00:00:00+05:30,4900.0,4913.05,4846.0,4859.0,248469
2023-08-28T00:00:00+05:30,4874.9,4911.85,4842.15,4906.0,203083
2023-08-29T00:00:00+05:30,4906.0,4937.85,4861.6,4874.9,590850
2023-08-30T00:00:00+05:30,4881.95,4889.95,4845.0,4883.0,395712
2023-08-31T00:00:00+05:30,4887.45,4911.8,4806.4,4823.0,487815
2023-09-01T00:00:00+05:30,4840.0,4849.95,4801.2,4842.0,206097
2023-09-04T00:00:00+05:30,4860.0,4870.0,4817.6,4824.85,354446
2023-09-05T00:00:00+05:30,4860.0,4992.0,4832.05,4984.5,800554
2023-09-06T00:00:00+05:30,4980.0,5043.65,4954.0,5033.1,535407
2023-09-07T00:00:00+05:30,5029.95,5044.9,4987.0,5029.05,334709
2023-09-08T00:00:00+05:30,5040.0,5049.8,4977.95,4985.15,292671
2023-09-11T00:00:00+05:30,5004.0,5106.8,5003.75,5095.95,543287
2023-09-12T00:00:00+05:30,5111.0,5125.0,4966.0,4979.2,483061
2023-09-13T00:00:00+05:30,4975.0,5021.2,4945.0,5011.0,232238
2023-09-14T00:00:00+05:30,5001.0,5100.0,4995.5,5084.55,414391
2023-09-15T00:00:00+05:30,5084.55,5150.4,5061.7,5091.8,658355
2023-09-18T00:00:00+05:30,5100.0,5162.0,5067.35,5075.15,371912
2023-09-20T00:00:00+05:30,5051.45,5059.8,4929.0,5006.3,509910
2023-09-21T00:00:00+05:30,4990.0,5046.95,4975.45,5020.05,422586
2023-09-22T00:00:00+05:30,5013.0,5016.8,4955.0,4999.2,348459
2023-09-25T00:00:00+05:30,5014.9,5113.45,4972.85,5097.05,386746
2023-09-26T00:00:00+05:30,5097.0,5097.0,5030.25,5053.7,267102
2023-09-27T00:00:00+05:30,5054.0,5118.85,5020.0,5105.35,460768
2023-09-28T00:00:00+05:30,5105.35,5145.5,4995.0,5020.1,407714
2023-09-29T00:00:00+05:30,5054.0,5186.95,5026.6,5137.75,410567
2023-10-03T00:00:00+05:30,5138.95,5154.95,5066.0,5118.95,268482
2023-10-04T00:00:00+05:30,5085.0,5096.85,4982.3,5047.4,442482
2023-10-05T00:00:00+05:30,5054.95,5079.85,5026.65,5047.05,363289
2023-10-06T00:00:00+05:30,5050.0,5084.0,5028.8,5059.0,407753
2023-10-09T00:00:00+05:30,5000.0,5066.0,4987.05,5047.3,176296
2023-10-10T00:00:00+05:30,5068.95,5084.55,5033.0,5063.95,202645
2023-10-11T00:00:00+05:30,5072.95,5140.0,5065.0,5083.0,336099
2023-10-12T00:00:00+05:30,5092.8,5113.95,4871.7,4993.85,1029595
2023-10-13T00:00:00+05:30,4988.95,5029.1,4933.75,5017.0,410013
2023-10-16T00:00:00+05:30,5030.0,5049.45,4986.4,5021.7,259806
2023-10-17T00:00:00+05:30,5050.0,5068.0,5012.2,5028.8,217907
2023-10-18T00:00:00+05:30,5021.0,5039.95,4938.45,4977.25,341459
2023-10-19T00:00:00+05:30,4977.25,5019.95,4935.15,4997.05,231958
2023-10-20T00:00:00+05:30,4990.1,4999.95,4940.5,4977.55,252447
2023-10-23T00:00:00+05:30,4977.0,5010.55,4944.15,4970.0,363474
2023-10-25T00:00:00+05:30,4960.0,4971.35,4831.5,4859.9,894230
2023-10-26T00:00:00+05:30,4859.9,4859.9,4726.0,4760.3,836962
2023-10-27T00:00:00+05:30,4779.95,4860.55,4776.8,4835.1,333727
2023-10-30T00:00:00+05:30,4840.0,4868.4,4783.05,4842.0,234759
2023-10-31T00:00:00+05:30,4832.0,4899.65,4805.2,4842.0,553320
2023-11-01T00:00:00+05:30,4835.0,4856.0,4790.0,4796.55,281746
2023-11-02T00:00:00+05:30,4837.8,4895.0,4810.2,4890.0,214035
2023-11-03T00:00:00+05:30,4950.75,5165.5,4937.05,5153.2,1262458
2023-11-06T00:00:00+05:30,5141.05,5228.0,5127.5,5164.95,399720
2023-11-07T00:00:00+05:30,5150.0,5181.95,5121.05,5136.85,222204
2023-11-08T00:00:00+05:30,5135.0,5153.65,5087.45,5110.95,400498
2023-11-09T00:00:00+05:30,5147.5,5313.0,5122.05,5297.6,1032216
2023-11-10T00:00:00+05:30,5300.0,5338.0,5218.65,5278.5,696409
2023-11-12T00:00:00+05:30,5300.0,5300.0,5265.0,5275.55,18707
2023-11-13T00:00:00+05:30,5250.0,5279.0,5200.2,5220.65,150128
2023-11-15T00:00:00+05:30,5283.85,5295.0,5207.0,5224.95,356675
2023-11-16T00:00:00+05:30,5224.0,5368.0,5201.75,5338.75,449045
2023-11-17T00:00:00+05:30,5332.2,5493.35,5306.15,5478.95,735541
2023-11-20T00:00:00+05:30,5475.0,5595.0,5455.05,5473.95,526567
2023-11-21T00:00:00+05:30,5500.0,5520.3,5422.4,5457.6,382979
2023-11-22T00:00:00+05:30,5467.0,5539.95,5439.15,5532.0,302473
2023-11-23T00:00:00+05:30,5530.0,5550.0,5473.3,5487.05,234584
2023-11-24T00:00:00+05:30,5493.0,5493.0,5395.0,5401.3,270183
2023-11-28T00:00:00+05:30,5401.3,5424.85,5341.0,5366.8,362746
2023-11-29T00:00:00+05:30,5372.1,5435.0,5364.5,5421.95,277119
2023-11-30T00:00:00+05:30,5382.0,5550.0,5382.0,5528.95,775261
2023-12-01T00:00:00+05:30,5550.0,5687.65,5530.35,5591.15,546990
2023-12-04T00:00:00+05:30,5626.0,5658.25,5569.6,5622.55,936113
2023-12-05T00:00:00+05:30,5610.0,5689.0,5525.0,5580.2,787929
2023-12-06T00:00:00+05:30,5534.15,5639.0,5508.75,5543.1,574427
2023-12-07T00:00:00+05:30,5490.25,5519.8,5441.5,5461.4,510609
2023-12-08T00:00:00+05:30,5495.0,5572.55,5439.05,5555.35,456382
2023-12-11T00:00:00+05:30,5550.0,5555.35,5490.0,5547.35,238128
2023-12-12T00:00:00+05:30,5550.0,5550.0,5403.2,5428.95,615205
2023-12-13T00:00:00+05:30,5402.95,5452.0,5369.4,5426.75,476781
2023-12-14T00:00:00+05:30,5494.8,5532.95,5452.1,5515.9,490550
2023-12-15T00:00:00+05:30,5530.0,5588.0,5500.0,5551.2,349758
2023-12-18T00:00:00+05:30,5550.5,5607.75,5494.0,5498.65,428321
2023-12-19T00:00:00+05:30,5508.8,5675.35,5503.7,5555.5,682732
2023-12-20T00:00:00+05:30,5555.5,5605.8,5375.1,5402.2,437044
2023-12-21T00:00:00+05:30,5344.0,5553.0,5284.85,5475.85,487514
2023-12-22T00:00:00+05:30,5510.0,5549.0,5462.7,5540.0,220537
2023-12-26T00:00:00+05:30,5541.4,5645.0,5526.15,5633.15,243281
2023-12-27T00:00:00+05:30,5635.0,5715.0,5615.6,5687.45,307177
2023-12-28T00:00:00+05:30,5675.0,5770.0,5674.75,5760.5,568149
2023-12-29T00:00:00+05:30,5740.0,5758.95,5677.3,5704.1,325682
2024-01-01T00:00:00+05:30,5741.0,5765.0,5707.85,5750.05,127030
2024-01-02T00:00:00+05:30,5738.1,5782.65,5680.0,5746.35,166449
2024-01-03T00:00:00+05:30,5730.0,5786.0,5673.05,5768.3,198997
2024-01-04T00:00:00+05:30,5768.3,5839.95,5731.5,5762.2,220702
2024-01-05T00:00:00+05:30,5762.2,5808.8,5715.0,5754.25,144894
2024-01-08T00:00:00+05:30,5750.0,5774.85,5640.0,5682.0,157009
2024-01-09T00:00:00+05:30,5702.2,5849.0,5674.7,5797.65,329437
2024-01-10T00:00:00+05:30,5800.0,5819.3,5721.3,5800.9,239740
2024-01-11T00:00:00+05:30,5804.0,5892.0,5802.25,5869.9,213210
2024-01-12T00:00:00+05:30,5870.0,5922.0,5742.85,5795.7,250919
2024-01-15T00:00:00+05:30,5835.0,5924.15,5804.0,5896.4,375458
2024-01-16T00:00:00+05:30,5882.0,5967.45,5829.0,5904.55,347797
2024-01-17T00:00:00+05:30,5872.85,5980.35,5831.25,5925.9,378205
2024-01-18T00:00:00+05:30,5959.0,6028.95,5838.0,5990.85,591170
2024-01-19T00:00:00+05:30,5987.0,6120.0,5951.0,6094.65,326813
2024-01-20T00:00:00+05:30,6120.0,6220.0,6073.0,6122.55,249694
2024-01-23T00:00:00+05:30,6428.0,6428.7,6133.65,6153.75,982889
2024-01-24T00:00:00+05:30,6153.55,6230.0,6083.35,6213.35,435151
2024-01-25T00:00:00+05:30,6210.05,6238.2,6119.1,6168.85,337391
2024-01-29T00:00:00+05:30,6199.05,6349.0,6177.8,6349.0,554591
2024-01-30T00:00:00+05:30,6331.0,6387.85,6283.8,6316.0,304312
2024-01-31T00:00:00+05:30,6280.0,6371.65,6255.55,6352.95,499281
2024-02-01T00:00:00+05:30,6289.65,6377.0,6267.8,6290.0,255111
2024-02-02T00:00:00+05:30,6320.0,6359.05,6291.3,6320.55,239428
2024-02-05T00:00:00+05:30,6320.55,6346.6,6209.2,6235.2,147909
2024-02-06T00:00:00+05:30,6259.95,6297.9,6155.05,6198.0,326654
2024-02-07T00:00:00+05:30,6237.75,6248.85,6155.0,6179.25,230679
2024-02-08T00:00:00+05:30,6201.5,6363.2,6150.0,6231.0,794455
2024-02-09T00:00:00+05:30,6269.4,6473.95,6213.6,6437.35,933104
2024-02-12T00:00:00+05:30,6464.9,6677.8,6375.0,6614.45,709946
2024-02-13T00:00:00+05:30,6614.45,6740.0,6598.25,6718.9,521773
2024-02-14T00:00:00+05:30,6718.8,6775.0,6700.0,6754.1,452781
2024-02-15T00:00:00+05:30,6750.0,6764.4,6585.6,6627.6,446114
2024-02-16T00:00:00+05:30,6631.05,6660.45,6525.1,6600.55,391508
2024-02-19T00:00:00+05:30,6620.0,6675.95,6511.05,6657.15,334607
2024-02-20T00:00:00+05:30,6667.5,6785.0,6637.85,6759.45,559251
2024-02-21T00:00:00+05:30,6784.95,6821.95,6717.3,6760.15,537325
2024-02-22T00:00:00+05:30,6765.0,6874.45,6690.05,6769.2,564432
2024-02-23T00:00:00+05:30,6779.0,6786.8,6723.1,6774.05,352524
2024-02-26T00:00:00+05:30,6769.95,6791.75,6570.9,6584.0,453443
2024-02-27T00:00:00+05:30,6588.0,6668.45,6570.0,6620.6,313760
2024-02-28T00:00:00+05:30,6630.0,6630.0,6345.3,6362.35,536602
2024-02-29T00:00:00+05:30,6392.55,6392.55,6062.05,6101.6,1543361
2024-03-01T00:00:00+05:30,6102.0,6107.0,5941.85,6085.4,1749136
2024-03-02T00:00:00+05:30,6169.95,6169.95,6119.95,6133.3,33927
2024-03-04T00:00:00+05:30,6145.0,6171.75,6022.85,6033.3,551616
2024-03-05T00:00:00+05:30,6035.05,6103.5,5976.2,6061.1,724456
2024-03-06T00:00:00+05:30,6025.0,6078.9,5945.0,6054.3,588776
2024-03-07T00:00:00+05:30,6065.5,6142.85,6032.0,6048.8,738112
2024-03-11T00:00:00+05:30,6048.8,6225.0,6036.1,6204.7,521556
2024-03-12T00:00:00+05:30,6240.0,6274.25,6107.5,6144.8,482112
2024-03-13T00:00:00+05:30,6180.0,6180.0,5956.05,6008.4,356191
2024-03-14T00:00:00+05:30,6008.4,6095.0,5980.0,6023.15,439181
2024-03-15T00:00:00+05:30,6015.0,6030.85,5941.6,5983.2,764270
2024-03-18T00:00:00+05:30,5997.75,6144.95,5978.65,6136.55,419258
2024-03-19T00:00:00+05:30,6077.0,6125.7,6034.05,6113.2,542392
2024-03-20T00:00:00+05:30,6148.0,6200.7,6073.45,6174.05,413963
2024-03-21T00:00:00+05:30,6189.9,6214.4,6105.6,6182.5,350032
2024-03-22T00:00:00+05:30,6169.15,6390.9,6168.7,6375.9,727548
2024-03-26T00:00:00+05:30,6398.0,6463.45,6309.5,6322.45,629120
2024-03-27T00:00:00+05:30,6355.0,6399.4,6220.0,6231.45,603420
2024-03-28T00:00:00+05:30,6231.45,6425.6,6112.5,6356.8,818070
2024-04-01T00:00:00+05:30,6401.0,6557.0,6372.75,6457.25,440465
2024-04-02T00:00:00+05:30,6469.5,6469.5,6404.2,6419.75,213898
2024-04-03T00:00:00+05:30,6399.55,6409.0,6311.0,6375.05,289202
2024-04-04T00:00:00+05:30,6425.0,6475.0,6326.4,6440.6,547885
2024-04-05T00:00:00+05:30,6440.6,6480.0,6381.55,6397.75,239001
2024-04-08T00:00:00+05:30,6397.75,6397.75,6280.0,6307.75,491584
2024-04-09T00:00:00+05:30,6347.8,6540.0,6330.95,6505.05,592624
2024-04-10T00:00:00+05:30,6505.05,6515.9,6451.0,6489.85,174947
2024-04-12T00:00:00+05:30,6450.0,6477.9,6362.7,6406.55,450885
2024-04-15T00:00:00+05:30,6325.1,6399.1,6283.0,6303.15,251305
2024-04-16T00:00:00+05:30,6299.95,6300.0,6202.0,6282.8,161168
